id;type;mission;name;organisation;city;bundesland;lat;lng;link;keywords;foerderung_eur;thumbnail_path;video_type;video_id;video_pin_order
101022905;point;waters;Hydro4U;GLOBAL HYDRO ENERGY GMBH;Niederranna;Kärnten;46,835;14,502;http://cordis.europa.eu/project/id/101022905;;20287625;;;;
101036926;point;climate;TREEADS;DISASTER COMPETENCE NETWORK AUSTRIA;Wien;Wien;48,1857;16,4222;http://cordis.europa.eu/project/id/101036926;;45590198;;;;
101060212;point;climate;Climate Farm Demo;LANDESKAMMER FUER LAND UND FORTWIRTSCHAFT IN STEIERMARK;Graz;Steiermark;47,0709;15,4383;http://cordis.europa.eu/project/id/101060212;;33910375;;;;
101081179;point;climate;DIAMOND;"NATURAL PERSON; PERSONNE PRIVEE | PRIVATPERSON";Wien;Wien;48,1857;16,4222;http://cordis.europa.eu/project/id/101081179;;129950;;;;
101157327;point;soil;SEACURE;PROMAN MANAGEMENT GMBH;Auersthal;Niederösterreich;48,3733;16,6357;http://cordis.europa.eu/project/id/101157327;;442500;;;;
101112855;point;soil;DeliSoil;PROMAN MANAGEMENT GMBH;Auersthal;Niederösterreich;48,3733;16,6357;http://cordis.europa.eu/project/id/101112855;;420000;;;;
101060455;point;climate;NutriBudget;PROMAN MANAGEMENT GMBH;Auersthal;Niederösterreich;48,3733;16,6357;http://cordis.europa.eu/project/id/101060455;;328000;;;;
101181712;point;climate;GREENHOOD;PROMAN MANAGEMENT GMBH;Auersthal;Niederösterreich;48,3733;16,6357;http://cordis.europa.eu/project/id/101181712;;115875;;;;
101091483;point;climate;CIRAN;PROMAN MANAGEMENT GMBH;Auersthal;Niederösterreich;48,3733;16,6357;http://cordis.europa.eu/project/id/101091483;;100250;;;;
101084106;point;waters;FOLOU;PROMAN MANAGEMENT GMBH;Auersthal;Niederösterreich;48,3733;16,6357;http://cordis.europa.eu/project/id/101084106;;439385;;;;
101157942;point;waters;DANSER;Internationale Arbeitsgemeinschaft Donauforschung (IAD) - International Association for Danube Research (IAD);Auersthal;Niederösterreich;48,3733;16,6357;http://cordis.europa.eu/project/id/101157942;;299375;;;;
956454;point;waters;RecaP;PROMAN MANAGEMENT GMBH;Auersthal;Niederösterreich;48,3733;16,6357;http://cordis.europa.eu/project/id/956454;;26420724;;;;
101217667;point;waters;SoS2LearnDBS;Internationale Arbeitsgemeinschaft Donauforschung (IAD) - International Association for Danube Research (IAD);Auersthal;Niederösterreich;48,3733;16,6357;http://cordis.europa.eu/project/id/101217667;;1973125;;;;
101215230;point;waters;SWIM;BUNDESMINISTERIUM FUR LAND- UND FORSTWIRTSCHAFT | KLIMA- UND UMWELTSCHUTZ | REGIONEN UND WASSERWIRTSCHAFT;Auersthal;Niederösterreich;48,3733;16,6357;http://cordis.europa.eu/project/id/101215230;;0;;;;
101083571;point;waters;PLOTEC;AGRU KUNSTSTOFFTECHNIK GMBH;Bad Hall;Oberösterreich;48,0348;14,2091;http://cordis.europa.eu/project/id/101083571;;48656475;;;;
963603;point;waters;Current Direct;AVILOO GMBH;Biedermannsdorf;Niederösterreich;48,0835;16,3462;http://cordis.europa.eu/project/id/963603;;541750;;;;
101082073;point;waters;BeeGuards;OSTERREICHISCHER ERWERBSIMKERBUND;Deutsch Goritz;Steiermark;46,7517;15,8304;http://cordis.europa.eu/project/id/101082073;;4721875;;;;
101075710;point;waters;SEANERGY;ENNSHAFEN OO GMBH;Enns;Oberösterreich;47,5549;14,2171;http://cordis.europa.eu/project/id/101075710;;84750;;;;
101060133;point;waters;HARMONITOR;AGROVET GMBH;Enzersfeld;Niederösterreich;48,3614;16,4262;http://cordis.europa.eu/project/id/101060133;;115000;;;;
101181572;point;waters;GEORGIA;ALCHEMIA-NOVA RESEARCH & INNOVATION GEMEINNUTZIGE GMBH;Fehring;Steiermark;46,9361;16,0104;http://cordis.europa.eu/project/id/101181572;;492250;;;;
101132223;point;waters;GrapeBreed4IPM;ARBEITSGEMEINSCHAFT ZUR FORDERUNG PILZWIDERSTANDSFAHIGER REBSORTEN;Fels am Wagram;Niederösterreich;48,438;15,8186;http://cordis.europa.eu/project/id/101132223;;43000;;;;
101060698;point;climate;FoodSafeR;AGES - OSTERREICHISCHE AGENTUR FUR GESUNDHEIT UND ERNAHRUNGSSICHERHEIT GMBH;Getzersdorf bei Traismauer;Niederösterreich;48,328;15,696;http://cordis.europa.eu/project/id/101060698;;88875;;;;
101119901;point;waters;BIOTOXDoc;BIOMIN HOLDING GMBH;Getzersdorf bei Traismauer;Niederösterreich;48,328;15,696;http://cordis.europa.eu/project/id/101119901;;3861874286;;;;
5124624;point;cities;ReAssuRe;AEE - Institut für Nachhaltige Technologien (kurz: AEE INTEC);Gleisdorf;Steiermark;47,1054;15,7098;https://projekte.ffg.at/projekt/5124624;;;;;;
4762096;point;cities;InSite;AEE - Institut für Nachhaltige Technologien (kurz: AEE INTEC);Gleisdorf;Steiermark;47,1054;15,7098;https://projekte.ffg.at/projekt/4762096;;;;;;
5124572;point;climate;Topview;AEE - Institut für Nachhaltige Technologien (kurz: AEE INTEC);Gleisdorf;Steiermark;47,1054;15,7098;https://projekte.ffg.at/projekt/5124572;;;;;;
4762134;point;climate;GeoHub;AEE - Institut für Nachhaltige Technologien (kurz: AEE INTEC);Gleisdorf;Steiermark;47,1054;15,7098;https://projekte.ffg.at/projekt/4762134;;;;;;
4265939;point;climate;IEA EBC Annex 84;AEE - Institut für Nachhaltige Technologien (kurz: AEE INTEC);Gleisdorf;Steiermark;47,1054;15,7098;https://projekte.ffg.at/projekt/4265939;;;;;;
101138473;point;climate;IS2H4C;AEE - INSTITUT FUR NACHHALTIGE TECHNOLOGIEN;Gleisdorf;Steiermark;47,1054;15,7098;http://cordis.europa.eu/project/id/101138473;;587500;;;;
101192326;point;cities;RENOMIZE;AEE - INSTITUT FUR NACHHALTIGE TECHNOLOGIEN;Gleisdorf;Steiermark;47,1054;15,7098;http://cordis.europa.eu/project/id/101192326;;37544125;;;;
101192047;point;cities;DigiFab;AEE - INSTITUT FUR NACHHALTIGE TECHNOLOGIEN;Gleisdorf;Steiermark;47,1054;15,7098;http://cordis.europa.eu/project/id/101192047;;350000;;;;
101138504;point;waters;CORNERSTONE;AEE - INSTITUT FUR NACHHALTIGE TECHNOLOGIEN;Gleisdorf;Steiermark;47,1054;15,7098;http://cordis.europa.eu/project/id/101138504;;694875;;;;
101147855;point;cities;DATAWiSE;AEE - INSTITUT FUR NACHHALTIGE TECHNOLOGIEN;Gleisdorf;Steiermark;47,1054;15,7098;http://cordis.europa.eu/project/id/101147855;;1858125;;;;
101069828;point;waters;FuelSOME;AEE - INSTITUT FUR NACHHALTIGE TECHNOLOGIEN;Gleisdorf;Steiermark;47,1054;15,7098;http://cordis.europa.eu/project/id/101069828;;367125;;;;
744310;point;climate;AgriChemWhey;GIG KARASEK GMBH;Gloggnitz;Niederösterreich;47,6758;15,9374;http://cordis.europa.eu/project/id/744310;;693750;;;;
101181056;point;waters;RETAIN;SATTLER PRO-TEX GMBH;Goessendorf;Steiermark;46,9969;15,487;http://cordis.europa.eu/project/id/101181056;;25305125;;;;
101119427;point;cancer;eRaDicate;BIOLUTION GMBH;Gramatneusiedl;Niederösterreich;48,0291;16,4886;http://cordis.europa.eu/project/id/101119427;;0;;;;
101194287;point;cities;NexTArc;NXP SEMICONDUCTORS AUSTRIA GMBH & CO KG;Gratkorn;Steiermark;47,1326;15,3391;http://cordis.europa.eu/project/id/101194287;;165579125;;;;
5129317;point;cities;RESPED;JOANNEUM RESEARCH Forschungsgesellschaft mbH;Graz;Steiermark;47,0709;15,4383;https://projekte.ffg.at/projekt/5129317;;;;;;
5124538;point;cities;Thannhausen 2.0;4ward Energy Research GmbH;Graz;Steiermark;47,0709;15,4383;https://projekte.ffg.at/projekt/5124538;Klimaneutrales Energiequartier| Erneuerbare Energie / Gemeinschaftliche Eigenversorgung| Batteriespeicher| Direktleitungen;;;;;
5134323;point;cities;SAGE;Technische Universität Graz;Graz;Steiermark;47,0709;15,4383;https://projekte.ffg.at/projekt/5134323;;;;;;
4869298;point;cities;CONFLICTEDSTREETS;VISION5 OG;Graz;Steiermark;47,0709;15,4383;https://projekte.ffg.at/projekt/4869298;;;;;;
4762102;point;cities;QualitySysVillab;Technische Universität Graz;Graz;Steiermark;47,0709;15,4383;https://projekte.ffg.at/projekt/4762102;;;;;;
5125275;point;waters;Minervaprojekt;fluvicon GmbH;Graz;Steiermark;47,0709;15,4383;https://projekte.ffg.at/projekt/5125275;;;;;;
5133067;point;climate;PräNUDGE;JOANNEUM RESEARCH Forschungsgesellschaft mbH;Graz;Steiermark;47,0709;15,4383;https://projekte.ffg.at/projekt/5133067;;;;;;
5121747;point;climate;iKlimEt;Technische Universität Graz;Graz;Steiermark;47,0709;15,4383;https://projekte.ffg.at/projekt/5121747;;;;;;
4499084;point;cancer;OFM Beyond;JOANNEUM RESEARCH Forschungsgesellschaft mbH;Graz;Steiermark;47,0709;15,4383;https://projekte.ffg.at/projekt/4499084;;;;;;
4869273;point;climate;V2G-QUESTS;Technische Universität Graz;Graz;Steiermark;47,0709;15,4383;https://projekte.ffg.at/projekt/4869273;;;;;;
5130166;point;climate;eTruckDACH;Technische Universität Graz;Graz;Steiermark;47,0709;15,4383;https://projekte.ffg.at/projekt/5130166;;;;;;
5129496;point;climate;GTIF-AT EW-Wasser;Sinergise Solutions GmbH;Graz;Steiermark;47,0709;15,4383;https://projekte.ffg.at/projekt/5129496;;;;;;
4340597;point;cities;PeriSponge;Technische Universität Graz;Graz;Steiermark;47,0709;15,4383;https://projekte.ffg.at/projekt/4340597;;;;;;
4373967;point;soil;RestorEO;Universität Graz;Graz;Steiermark;47,0709;15,4383;https://projekte.ffg.at/projekt/4373967;;;;;;
5126166;point;climate;WasteCCUS;BEST - Bioenergy and Sustainable Technologies GmbH;Graz;Steiermark;47,0709;15,4383;https://projekte.ffg.at/projekt/5126166;;;;;;
874719;point;cancer;Instand-NGS4P;MEDIZINISCHE UNIVERSITAT GRAZ;Graz;Steiermark;47,0709;15,4383;http://cordis.europa.eu/project/id/874719;;906790288;;;;
101095432;point;cancer;PoCCardio;MEDIZINISCHE UNIVERSITAT GRAZ;Graz;Steiermark;47,0709;15,4383;http://cordis.europa.eu/project/id/101095432;;89695625;;;;
101058620;point;cancer;canSERV;BIOBANKS AND BIOMOLECULAR RESOURCES RESEARCH INFRASTRUCTURE CONSORTIUM (BBMRI-ERIC);Graz;Steiermark;47,0709;15,4383;http://cordis.europa.eu/project/id/101058620;;350748906;;;;
101112066;point;cancer;GUIDE.MRD;MEDIZINISCHE UNIVERSITAT GRAZ;Graz;Steiermark;47,0709;15,4383;http://cordis.europa.eu/project/id/101112066;;2493230;;;;
853995;point;cancer;ImmUniverse;AIT AUSTRIAN INSTITUTE OF TECHNOLOGY GMBH;Graz;Steiermark;47,0709;15,4383;http://cordis.europa.eu/project/id/853995;;213123625;;;;
101057062;point;cancer;AIDAVA;MEDIZINISCHE UNIVERSITAT GRAZ;Graz;Steiermark;47,0709;15,4383;http://cordis.europa.eu/project/id/101057062;;114578281;;;;
874662;point;climate;HEAP;MEDIZINISCHE UNIVERSITAT GRAZ;Graz;Steiermark;47,0709;15,4383;http://cordis.europa.eu/project/id/874662;;882500;;;;
101216808;point;cancer;PERIFORMANCE;BIOBANKS AND BIOMOLECULAR RESOURCES RESEARCH INFRASTRUCTURE CONSORTIUM (BBMRI-ERIC);Graz;Steiermark;47,0709;15,4383;http://cordis.europa.eu/project/id/101216808;;856250;;;;
101057843;point;climate;HIGH Horizons;UNIVERSITAET GRAZ;Graz;Steiermark;47,0709;15,4383;http://cordis.europa.eu/project/id/101057843;;750000;;;;
101124559;point;climate;ERIC Forum 2;BIOBANKS AND BIOMOLECULAR RESOURCES RESEARCH INFRASTRUCTURE CONSORTIUM (BBMRI-ERIC);Graz;Steiermark;47,0709;15,4383;http://cordis.europa.eu/project/id/101124559;;7368375;;;;
101096309;point;cancer;PANCAID;MEDIZINISCHE UNIVERSITAT GRAZ;Graz;Steiermark;47,0709;15,4383;http://cordis.europa.eu/project/id/101096309;;712750;;;;
101061083;point;climate;Invest4Nature;JOANNEUM RESEARCH FORSCHUNGSGESELLSCHAFT MBH;Graz;Steiermark;47,0709;15,4383;http://cordis.europa.eu/project/id/101061083;;7031875;;;;
101099963;point;cancer;bioSWITCH;MEDIZINISCHE UNIVERSITAT GRAZ;Graz;Steiermark;47,0709;15,4383;http://cordis.europa.eu/project/id/101099963;;661026;;;;
101104240;point;cities;JUST STREETS;UFGC GMBH;Graz;Steiermark;47,0709;15,4383;http://cordis.europa.eu/project/id/101104240;;657375;;;;
101079888;point;cities;EBENTO;JOANNEUM RESEARCH FORSCHUNGSGESELLSCHAFT MBH;Graz;Steiermark;47,0709;15,4383;http://cordis.europa.eu/project/id/101079888;;614125;;;;
101000348;point;climate;DIVAGRI;ALCHEMIA-NOVA GMBH;Graz;Steiermark;47,0709;15,4383;http://cordis.europa.eu/project/id/101000348;;61223875;;;;
101181402;point;soil;OLinWASTE;ACIB GMBH;Graz;Steiermark;47,0709;15,4383;http://cordis.europa.eu/project/id/101181402;;58155125;;;;
101058427;point;cancer;EOSC4Cancer;BIOBANKS AND BIOMOLECULAR RESOURCES RESEARCH INFRASTRUCTURE CONSORTIUM (BBMRI-ERIC);Graz;Steiermark;47,0709;15,4383;http://cordis.europa.eu/project/id/101058427;;580500;;;;
101157265;point;soil;SPIN-FERT;TECHNISCHE UNIVERSITAET GRAZ;Graz;Steiermark;47,0709;15,4383;http://cordis.europa.eu/project/id/101157265;;5684375;;;;
101046133;point;cancer;ISIDORe;BIOBANKS AND BIOMOLECULAR RESOURCES RESEARCH INFRASTRUCTURE CONSORTIUM (BBMRI-ERIC);Graz;Steiermark;47,0709;15,4383;http://cordis.europa.eu/project/id/101046133;;54608274;;;;
817946;point;soil;EXCALIBUR;TECHNISCHE UNIVERSITAET GRAZ;Graz;Steiermark;47,0709;15,4383;http://cordis.europa.eu/project/id/817946;;543330;;;;
101131701;point;waters;EvolveBBMRI;BIOBANKS AND BIOMOLECULAR RESOURCES RESEARCH INFRASTRUCTURE CONSORTIUM (BBMRI-ERIC);Graz;Steiermark;47,0709;15,4383;http://cordis.europa.eu/project/id/101131701;;268317875;;;;
101058537;point;climate;INSPIRE;JOANNEUM RESEARCH FORSCHUNGSGESELLSCHAFT MBH;Graz;Steiermark;47,0709;15,4383;http://cordis.europa.eu/project/id/101058537;;505775;;;;
101136775;point;climate;INITIATE;EUROPEAN SUSTAINABLE ENERGY INNOVATION ALLIANCE - ESEIA | VEREIN FUR FORDERUNG DER EUROPAIESCHEN INNOVATION FUR ERNEUERBARE ENERGIEN;Graz;Steiermark;47,0709;15,4383;http://cordis.europa.eu/project/id/101136775;;4956875;;;;
101120657;point;climate;ENFIELD;KNOW CENTER RESEARCH GMBH;Graz;Steiermark;47,0709;15,4383;http://cordis.europa.eu/project/id/101120657;;495625;;;;
101058432;point;climate;EOSC Focus;TECHNISCHE UNIVERSITAET GRAZ;Graz;Steiermark;47,0709;15,4383;http://cordis.europa.eu/project/id/101058432;;48122625;;;;
101058142;point;waters;PureSurf;UNIVERSITAET GRAZ;Graz;Steiermark;47,0709;15,4383;http://cordis.europa.eu/project/id/101058142;;247599875;;;;
101060554;point;climate;OptFor-EU;UNIVERSITAET FUER BODENKULTUR WIEN;Graz;Steiermark;47,0709;15,4383;http://cordis.europa.eu/project/id/101060554;;44254625;;;;
101138530;point;waters;ZEAS;HYCENTA RESEARCH GMBH;Graz;Steiermark;47,0709;15,4383;http://cordis.europa.eu/project/id/101138530;;1511125;;;;
101057739;point;climate;TRIGGER;JOANNEUM RESEARCH FORSCHUNGSGESELLSCHAFT MBH;Graz;Steiermark;47,0709;15,4383;http://cordis.europa.eu/project/id/101057739;;4167125;;;;
101200188;point;soil;WinMicAct;UNIVERSITAET GRAZ;Graz;Steiermark;47,0709;15,4383;http://cordis.europa.eu/project/id/101200188;;3750725;;;;
101177924;point;cancer;INJECTHEAL;AKRIBES BIOMEDICAL GMBH;Graz;Steiermark;47,0709;15,4383;http://cordis.europa.eu/project/id/101177924;;3721237571;;;;
101057014;point;waters;PARC;AGES - OSTERREICHISCHE AGENTUR FUR GESUNDHEIT UND ERNAHRUNGSSICHERHEIT GMBH;Graz;Steiermark;47,0709;15,4383;http://cordis.europa.eu/project/id/101057014;;10664125;;;;
101075596;point;cities;Every1;JOANNEUM RESEARCH FORSCHUNGSGESELLSCHAFT MBH;Graz;Steiermark;47,0709;15,4383;http://cordis.europa.eu/project/id/101075596;;357125;;;;
101132356;point;cancer;PREDICTOM;JOANNEUM RESEARCH FORSCHUNGSGESELLSCHAFT MBH;Graz;Steiermark;47,0709;15,4383;http://cordis.europa.eu/project/id/101132356;;35354125;;;;
101094353;point;waters;MICROBE;AIT AUSTRIAN INSTITUTE OF TECHNOLOGY GMBH;Graz;Steiermark;47,0709;15,4383;http://cordis.europa.eu/project/id/101094353;;101384675;;;;
101016775;point;cancer;INTERVENE;BIOBANKS AND BIOMOLECULAR RESOURCES RESEARCH INFRASTRUCTURE CONSORTIUM (BBMRI-ERIC);Graz;Steiermark;47,0709;15,4383;http://cordis.europa.eu/project/id/101016775;;349975;;;;
101138466;point;waters;APOLO;LEC GMBH;Graz;Steiermark;47,0709;15,4383;http://cordis.europa.eu/project/id/101138466;;988305;;;;
101214666;point;climate;JustREACH;JOANNEUM RESEARCH FORSCHUNGSGESELLSCHAFT MBH;Graz;Steiermark;47,0709;15,4383;http://cordis.europa.eu/project/id/101214666;;3430625;;;;
101178798;point;climate;United Circles;STENUM UNTERNEHMENSBERATUNG UND FORSCHUNGSGESELLSCHAFT FUR UMWELTFRAGEN MBH;Graz;Steiermark;47,0709;15,4383;http://cordis.europa.eu/project/id/101178798;;3410625;;;;
101058245;point;climate;IRISS;BIONANONET FORSCHUNGSGESELLSCHAFT MBH;Graz;Steiermark;47,0709;15,4383;http://cordis.europa.eu/project/id/101058245;;3359525;;;;
101058111;point;cancer;GLUMON;MEDIZINISCHE UNIVERSITAT GRAZ;Graz;Steiermark;47,0709;15,4383;http://cordis.europa.eu/project/id/101058111;;320875;;;;
101214125;point;cancer;EU-CIP;AIT AUSTRIAN INSTITUTE OF TECHNOLOGY GMBH;Graz;Steiermark;47,0709;15,4383;http://cordis.europa.eu/project/id/101214125;;32025875;;;;
101160061;point;cancer;ZAP Cancer;MEDIZINISCHE UNIVERSITAT GRAZ;Graz;Steiermark;47,0709;15,4383;http://cordis.europa.eu/project/id/101160061;;31964314;;;;
101096649;point;cancer;DIOPTRA;MEDIZINISCHE UNIVERSITAT GRAZ;Graz;Steiermark;47,0709;15,4383;http://cordis.europa.eu/project/id/101096649;;312875;;;;
101178982;point;climate;DICES;UNIVERSITAET GRAZ;Graz;Steiermark;47,0709;15,4383;http://cordis.europa.eu/project/id/101178982;;3121025;;;;
101057321;point;cancer;CLASSICA;KONVENT DER BARMHERZIGEN BRUDER GRAZ;Graz;Steiermark;47,0709;15,4383;http://cordis.europa.eu/project/id/101057321;;310000;;;;
101226362;point;cancer;TrackAF;MEDIZINISCHE UNIVERSITAT GRAZ;Graz;Steiermark;47,0709;15,4383;http://cordis.europa.eu/project/id/101226362;;30254292;;;;
101178444;point;waters;PERMANET;METALPINE GMBH;Graz;Steiermark;47,0709;15,4383;http://cordis.europa.eu/project/id/101178444;;882800;;;;
101146291;point;climate;SWARM-E;I2M UNTERNEHMENSENTWICKLUNG GMBH;Graz;Steiermark;47,0709;15,4383;http://cordis.europa.eu/project/id/101146291;;290500;;;;
101103801;point;cities;GEMINI;VIRTUAL VEHICLE RESEARCH GMBH;Graz;Steiermark;47,0709;15,4383;http://cordis.europa.eu/project/id/101103801;;283750;;;;
101214981;point;climate;ZELDA;TIMAC AGRO DUNGEMITTELPRODUKTIONS UND HANDELS GMBH;Graz;Steiermark;47,0709;15,4383;http://cordis.europa.eu/project/id/101214981;;2798325;;;;
101092243;point;cancer;FORCE REPAIR;AKRIBES BIOMEDICAL GMBH;Graz;Steiermark;47,0709;15,4383;http://cordis.europa.eu/project/id/101092243;;274675;;;;
101072448;point;cancer;ColoMARK;MEDIZINISCHE UNIVERSITAT GRAZ;Graz;Steiermark;47,0709;15,4383;http://cordis.europa.eu/project/id/101072448;;2703312;;;;
101118278;point;climate;EMERGE;EUROPEAN SUSTAINABLE ENERGY INNOVATION ALLIANCE - ESEIA | VEREIN FUR FORDERUNG DER EUROPAIESCHEN INNOVATION FUR ERNEUERBARE ENERGIEN;Graz;Steiermark;47,0709;15,4383;http://cordis.europa.eu/project/id/101118278;;253750;;;;
101137506;point;cancer;NAVIPP;MEDIZINISCHE UNIVERSITAT GRAZ;Graz;Steiermark;47,0709;15,4383;http://cordis.europa.eu/project/id/101137506;;245000;;;;
101034344;point;cancer;EPND;BIOBANKS AND BIOMOLECULAR RESOURCES RESEARCH INFRASTRUCTURE CONSORTIUM (BBMRI-ERIC);Graz;Steiermark;47,0709;15,4383;http://cordis.europa.eu/project/id/101034344;;24301389;;;;
101188045;point;climate;EOSC Gravity;TECHNISCHE UNIVERSITAET GRAZ;Graz;Steiermark;47,0709;15,4383;http://cordis.europa.eu/project/id/101188045;;237750;;;;
964430;point;climate;BreadCell;BIONANONET FORSCHUNGSGESELLSCHAFT MBH;Graz;Steiermark;47,0709;15,4383;http://cordis.europa.eu/project/id/964430;;231995;;;;
101131959;point;cancer;EVORA;MEDIZINISCHE UNIVERSITAT GRAZ;Graz;Steiermark;47,0709;15,4383;http://cordis.europa.eu/project/id/101131959;;214500;;;;
101217020;point;climate;INSIGHT;TECHNISCHE UNIVERSITAET GRAZ;Graz;Steiermark;47,0709;15,4383;http://cordis.europa.eu/project/id/101217020;;213650;;;;
101132446;point;climate;REUNIR;UNIVERSITAET GRAZ;Graz;Steiermark;47,0709;15,4383;http://cordis.europa.eu/project/id/101132446;;212045;;;;
101017424;point;cancer;TIMELY;MEDIZINISCHE UNIVERSITAT GRAZ;Graz;Steiermark;47,0709;15,4383;http://cordis.europa.eu/project/id/101017424;;202500;;;;
101109673;point;climate;BORDERART;UNIVERSITAET GRAZ;Graz;Steiermark;47,0709;15,4383;http://cordis.europa.eu/project/id/101109673;;19944096;;;;
101057497;point;waters;EDIAQI;KNOW CENTER RESEARCH GMBH;Graz;Steiermark;47,0709;15,4383;http://cordis.europa.eu/project/id/101057497;;6766125;;;;
101132215;point;climate;INTERCEPTOR;MEDIZINISCHE UNIVERSITAT GRAZ;Graz;Steiermark;47,0709;15,4383;http://cordis.europa.eu/project/id/101132215;;19224063;;;;
101136765;point;climate;Unite.WIDENING;TECHNISCHE UNIVERSITAET GRAZ;Graz;Steiermark;47,0709;15,4383;http://cordis.europa.eu/project/id/101136765;;1866875;;;;
101148374;point;cities;U_CAN;JOANNEUM RESEARCH FORSCHUNGSGESELLSCHAFT MBH;Graz;Steiermark;47,0709;15,4383;http://cordis.europa.eu/project/id/101148374;;184125;;;;
101079902;point;cities;ProLight;4WARD ENERGY RESEARCH GMBH;Graz;Steiermark;47,0709;15,4383;http://cordis.europa.eu/project/id/101079902;;1830625;;;;
952103;point;cancer;EuCanImage;BIOBANKS AND BIOMOLECULAR RESOURCES RESEARCH INFRASTRUCTURE CONSORTIUM (BBMRI-ERIC);Graz;Steiermark;47,0709;15,4383;http://cordis.europa.eu/project/id/952103;;173425;;;;
101102011;point;waters;OFELIA;TECHNISCHE UNIVERSITAET GRAZ;Graz;Steiermark;47,0709;15,4383;http://cordis.europa.eu/project/id/101102011;;653125;;;;
101226960;point;waters;ELEGANCE;ACIB GMBH;Graz;Steiermark;47,0709;15,4383;http://cordis.europa.eu/project/id/101226960;;60508584;;;;
101214368;point;cancer;CANDLE;BIOBANKS AND BIOMOLECULAR RESOURCES RESEARCH INFRASTRUCTURE CONSORTIUM (BBMRI-ERIC);Graz;Steiermark;47,0709;15,4383;http://cordis.europa.eu/project/id/101214368;;141250;;;;
101135705;point;climate;Edu4Standards.EU;LINK ROBERT;Graz;Steiermark;47,0709;15,4383;http://cordis.europa.eu/project/id/101135705;;1335722857;;;;
101137223;point;climate;EU-CoWork;SORGENETZ | VEREIN ZUR FORDERUNG GESELLSCHAFTLICHER SORGEKULTUR.LEBEN / ALTER/ DEMENZ / STERBEN;Graz;Steiermark;47,0709;15,4383;http://cordis.europa.eu/project/id/101137223;;107880;;;;
101072731;point;waters;DECADES;TECHNISCHE UNIVERSITAET GRAZ;Graz;Steiermark;47,0709;15,4383;http://cordis.europa.eu/project/id/101072731;;5406624;;;;
101097036;point;cancer;ONCOSCREEN;EUROPAISCHE VEREINIGUNG DER GASTROINTESTINALEN ONKOLOGIE(EUROPEAN SOCIETY OF DIGESTIVE ONCOLOGY - ESDO);Graz;Steiermark;47,0709;15,4383;http://cordis.europa.eu/project/id/101097036;;99875;;;;
101132379;point;cancer;EDENT1FI;MEDIZINISCHE UNIVERSITAT GRAZ;Graz;Steiermark;47,0709;15,4383;http://cordis.europa.eu/project/id/101132379;;96875;;;;
848196;point;cancer;DIAMONDS;BIOBANKS AND BIOMOLECULAR RESOURCES RESEARCH INFRASTRUCTURE CONSORTIUM (BBMRI-ERIC);Graz;Steiermark;47,0709;15,4383;http://cordis.europa.eu/project/id/848196;;86250;;;;
101182935;point;soil;FORADVISE;LANDESKAMMER FUER LAND UND FORTWIRTSCHAFT IN STEIERMARK;Graz;Steiermark;47,0709;15,4383;http://cordis.europa.eu/project/id/101182935;;85825;;;;
101057721;point;climate;PROPHET;BIOBANKS AND BIOMOLECULAR RESOURCES RESEARCH INFRASTRUCTURE CONSORTIUM (BBMRI-ERIC);Graz;Steiermark;47,0709;15,4383;http://cordis.europa.eu/project/id/101057721;;848125;;;;
101131190;point;cities;UDENE;Sinergise Solutions GmbH;Graz;Steiermark;47,0709;15,4383;http://cordis.europa.eu/project/id/101131190;;810625;;;;
101091246;point;soil;NBSoil;ALCHEMIA-NOVA GMBH;Graz;Steiermark;47,0709;15,4383;http://cordis.europa.eu/project/id/101091246;Bodenberater:innen | Naturbasierte Lösungen| Bodenmanagement| Policy Navigator;760391;;;;
101138405;point;climate;Net4Cities;TECHNISCHE UNIVERSITAET GRAZ;Graz;Steiermark;47,0709;15,4383;http://cordis.europa.eu/project/id/101138405;;71500;;;;
101036588;point;climate;ENOUGH;EQUANS Kältetechnik GmbH;Graz;Steiermark;47,0709;15,4383;http://cordis.europa.eu/project/id/101036588;;67500;;;;
857560;point;climate;CETOCOEN Excellence;BIOBANKS AND BIOMOLECULAR RESOURCES RESEARCH INFRASTRUCTURE CONSORTIUM (BBMRI-ERIC);Graz;Steiermark;47,0709;15,4383;http://cordis.europa.eu/project/id/857560;;50000;;;;
101058093;point;climate;GENDERACTIONplus;BUNDESMINISTERIUM FUR BILDUNG;Graz;Steiermark;47,0709;15,4383;http://cordis.europa.eu/project/id/101058093;;47925;;;;
101056836;point;climate;DISTENDER;AUSTRIATECH - GESELLSCHAFT DES BUNDES FUR TECHNOLOGIEPOLITISCHE MASSNAHMEN GMBH;Graz;Steiermark;47,0709;15,4383;http://cordis.europa.eu/project/id/101056836;;36430;;;;
101056715;point;climate;TranSensus LCA;AVL LIST GMBH;Graz;Steiermark;47,0709;15,4383;http://cordis.europa.eu/project/id/101056715;;0;;;;
101072735;point;cancer;FANTOM;BIOLUTION GMBH;Graz;Steiermark;47,0709;15,4383;http://cordis.europa.eu/project/id/101072735;;0;;;;
101181331;point;waters;BIO2;ACIB GMBH;Graz;Steiermark;47,0709;15,4383;http://cordis.europa.eu/project/id/101181331;;475855;;;;
101105740;point;cancer;MULTI-SOFT;TECHNISCHE UNIVERSITAET GRAZ;Graz;Steiermark;47,0709;15,4383;http://cordis.europa.eu/project/id/101105740;;0;;;;
101192702;point;waters;eWAVE;I2M UNTERNEHMENSENTWICKLUNG GMBH;Graz;Steiermark;47,0709;15,4383;http://cordis.europa.eu/project/id/101192702;;4739375;;;;
101149453;point;soil;DECCA;UNIVERSITAET GRAZ;Graz;Steiermark;47,0709;15,4383;http://cordis.europa.eu/project/id/101149453;;0;;;;
101179116;point;cancer;MAP-ID;MEDIZINISCHE UNIVERSITAT GRAZ;Graz;Steiermark;47,0709;15,4383;http://cordis.europa.eu/project/id/101179116;;0;;;;
101206129;point;soil;REFLOW;UNIVERSITAET GRAZ;Graz;Steiermark;47,0709;15,4383;http://cordis.europa.eu/project/id/101206129;;0;;;;
101226989;point;climate;CHARM;Institut für Wohnbauforschung;Graz;Steiermark;47,0709;15,4383;http://cordis.europa.eu/project/id/101226989;;0;;;;
101168322;point;waters;EMBRACE;DISASTER COMPETENCE NETWORK AUSTRIA;Graz;Steiermark;47,0709;15,4383;http://cordis.europa.eu/project/id/101168322;;446620;;;;
101181351;point;waters;NBS4Drought;UNIVERSITAET GRAZ;Graz;Steiermark;47,0709;15,4383;http://cordis.europa.eu/project/id/101181351;;429750;;;;
101147112;point;waters;ALGAESOL;SIMTECH GMBH;Graz;Steiermark;47,0709;15,4383;http://cordis.europa.eu/project/id/101147112;;401750;;;;
101095902;point;waters;AENEAS;I2M UNTERNEHMENSENTWICKLUNG GMBH;Graz;Steiermark;47,0709;15,4383;http://cordis.europa.eu/project/id/101095902;;347500;;;;
101083700;point;waters;E-TANDEM;AVL LIST GMBH;Graz;Steiermark;47,0709;15,4383;http://cordis.europa.eu/project/id/101083700;;309750;;;;
101225248;point;waters;BioTransform;MEDIZINISCHE UNIVERSITAT GRAZ;Graz;Steiermark;47,0709;15,4383;http://cordis.europa.eu/project/id/101225248;;30254292;;;;
101075503;point;waters;ETIP-B2022-2025;BEST - BIOENERGY AND SUSTAINABLE TECHNOLOGIES GMBH;Graz;Steiermark;47,0709;15,4383;http://cordis.europa.eu/project/id/101075503;;298860;;;;
791875;point;waters;ReaLCoE;UPTIME ENGINEERING GMBH;Graz;Steiermark;47,0709;15,4383;http://cordis.europa.eu/project/id/791875;;232164;;;;
101059812;point;waters;B-THENET;UNIVERSITAET GRAZ;Graz;Steiermark;47,0709;15,4383;http://cordis.europa.eu/project/id/101059812;;204325;;;;
101217310;point;waters;NextAIRE;KNOW CENTER RESEARCH GMBH;Graz;Steiermark;47,0709;15,4383;http://cordis.europa.eu/project/id/101217310;;188300;;;;
101212942;point;waters;FRESCO;TECHNISCHE UNIVERSITAET GRAZ;Graz;Steiermark;47,0709;15,4383;http://cordis.europa.eu/project/id/101212942;;150000;;;;
101082212;point;waters;PLANET4B;FORUM URBANES GARTNERN;Graz;Steiermark;47,0709;15,4383;http://cordis.europa.eu/project/id/101082212;;9582125;;;;
101130949;point;waters;POLARIN;UNIVERSITAET GRAZ;Graz;Steiermark;47,0709;15,4383;http://cordis.europa.eu/project/id/101130949;;48228;;;;
101183031;point;waters;AHEAD;BIOBANKS AND BIOMOLECULAR RESOURCES RESEARCH INFRASTRUCTURE CONSORTIUM (BBMRI-ERIC);Graz;Steiermark;47,0709;15,4383;http://cordis.europa.eu/project/id/101183031;;9200;;;;
101084066;point;waters;CarbonNeutralLNG;BERTSCH ENERGY GMBH & CO KG;Graz;Steiermark;47,0709;15,4383;http://cordis.europa.eu/project/id/101084066;;0;;;;
101226357;point;waters;HaloVerse;Enzyan Biocatalysis GmbH;Graz;Steiermark;47,0709;15,4383;http://cordis.europa.eu/project/id/101226357;;0;;;;
101058174;point;cities;TRINEFLEX;LINZ CENTER OF MECHATRONICS GMBH;Hagenberg;Oberösterreich;48,392;13,8089;http://cordis.europa.eu/project/id/101058174;;674675;;;;
101084160;point;climate;SMART ERA;SOFTWARE COMPETENCE CENTER HAGENBERG GMBH;Hagenberg;Oberösterreich;48,392;13,8089;http://cordis.europa.eu/project/id/101084160;;342625;;;;
945095;point;climate;RECETAS;UMIT TIROL - PRIVATE UNIVERSITAT FUR GESUNDHEITSWISSENSCHAFTEN UND TECHNOLOGIE GMBH;Hall in Tirol;Tirol;47,2817;11,5075;http://cordis.europa.eu/project/id/945095;;782440;;;;
101057332;point;cancer;4D PICTURE;UMIT TIROL - PRIVATE UNIVERSITAT FUR GESUNDHEITSWISSENSCHAFTEN UND TECHNOLOGIE GMBH;Hall in Tirol;Tirol;47,2817;11,5075;http://cordis.europa.eu/project/id/101057332;;552500;;;;
101136812;point;cancer;PREMIO COLLAB;UMIT TIROL - PRIVATE UNIVERSITAT FUR GESUNDHEITSWISSENSCHAFTEN UND TECHNOLOGIE GMBH;Hall in Tirol;Tirol;47,2817;11,5075;http://cordis.europa.eu/project/id/101136812;;470500;;;;
101155958;point;climate;MOUNTADAPT;AMT DER TIROLER LANDESREGIERUNG;Hall in Tirol;Tirol;47,2817;11,5075;http://cordis.europa.eu/project/id/101155958;;1567625;;;;
101135119;point;waters;ROBUSTOO;BISY GMBH;Hifstätten Raab;Steiermark;47,067;15,733;http://cordis.europa.eu/project/id/101135119;;578750;;;;
101058632;point;waters;START;GEO UNTERWEISSACHER GMBH;Hochfilzen;Tirol;47,4699;12,6184;http://cordis.europa.eu/project/id/101058632;;15683945;;;;
5127004;point;cities;REINFORCE;FEN Research GmbH;Hötting;Tirol;47,2703;11,3831;https://projekte.ffg.at/projekt/5127004;;;;;;
101182319;point;cities;TIMBERHAUS;PFEIFER HOLDING GMBH;Imst;Tirol;47,2382;10,7407;http://cordis.europa.eu/project/id/101182319;;447500;;;;
101059950;point;cities;USAGE;VERMESSUNG AVT-ZT-GMBH;Imst;Tirol;47,2382;10,7407;http://cordis.europa.eu/project/id/101059950;;212125;;;;
4698833;point;cities;IEA SHC Task XX;Universität Innsbruck;Innsbruck;Tirol;47,2654;11,3928;https://projekte.ffg.at/projekt/4698833;;;;;;
4672922;point;cities;IBK_Campagne;Universität Innsbruck;Innsbruck;Tirol;47,2654;11,3928;https://projekte.ffg.at/projekt/4672922;;;;;;
5126246;point;cancer;ADPKD Drug Discovery;Medizinische Universität Innsbruck;Innsbruck;Tirol;47,2654;11,3928;https://projekte.ffg.at/projekt/5126246;;;;;;
4474380;point;climate;alp-INN;Landeshauptstadt Innsbruck;Innsbruck;Tirol;47,2654;11,3928;https://projekte.ffg.at/projekt/4474380;;;;;;
101201517;point;cancer;Neutros;MEDIZINISCHE UNIVERSITAT INNSBRUCK;Innsbruck;Tirol;47,2654;11,3928;http://cordis.europa.eu/project/id/101201517;;2496900;;;;
852086;point;cancer;AGEMEC;UNIVERSITAET INNSBRUCK;Innsbruck;Tirol;47,2654;11,3928;http://cordis.europa.eu/project/id/852086;;1499565;;;;
101073874;point;climate;EMERITUS;GEOVILLE INFORMATIONSSYSTEME UND DATENVERARBEITUNG GMBH;Innsbruck;Tirol;47,2654;11,3928;http://cordis.europa.eu/project/id/101073874;;857500;;;;
953157;point;cities;MEZeroE;UNIVERSITAET INNSBRUCK;Innsbruck;Tirol;47,2654;11,3928;http://cordis.europa.eu/project/id/953157;;7607325;;;;
101182154;point;climate;DECIRE-WATER;UNIVERSITAET INNSBRUCK;Innsbruck;Tirol;47,2654;11,3928;http://cordis.europa.eu/project/id/101182154;;7202855;;;;
101191747;point;cancer;TENTACLE;THIOMATRIX FORSCHUNGS UND BERATUNGS  GMBH;Innsbruck;Tirol;47,2654;11,3928;http://cordis.europa.eu/project/id/101191747;;618750;;;;
964955;point;cancer;INCITE;MEDIZINISCHE UNIVERSITAT INNSBRUCK;Innsbruck;Tirol;47,2654;11,3928;http://cordis.europa.eu/project/id/964955;;493790;;;;
101103450;point;cities;RENplusHOMES;NEUE HEIMAT TIROL GEMEINNUTZIGE WOHNUNGS GMBH;Innsbruck;Tirol;47,2654;11,3928;http://cordis.europa.eu/project/id/101103450;;4780175;;;;
101184621;point;climate;ICELINK;ENVEO ENVIRONMENTAL EARTH OBSERVATION INFORMATION TECHNOLOGY GMBH;Innsbruck;Tirol;47,2654;11,3928;http://cordis.europa.eu/project/id/101184621;;4288775;;;;
101132701;point;climate;LeTs-Care;UNIVERSITAET INNSBRUCK;Innsbruck;Tirol;47,2654;11,3928;http://cordis.europa.eu/project/id/101132701;;40811719;;;;
101168626;point;cancer;PICKED;DELTA 4 GMBH;Innsbruck;Tirol;47,2654;11,3928;http://cordis.europa.eu/project/id/101168626;;3861874286;;;;
101169245;point;cancer;PROMOTE;DELTA 4 GMBH;Innsbruck;Tirol;47,2654;11,3928;http://cordis.europa.eu/project/id/101169245;;3861874286;;;;
101180710;point;climate;URBAN M2O;HYDRO-IT GMBH;Innsbruck;Tirol;47,2654;11,3928;http://cordis.europa.eu/project/id/101180710;;363250;;;;
101082184;point;cities;WOODCIRCLES;EASYSCIENCE - VEREIN ZUR FORDERUNG DER VERMITTLUNG VON FORSCHUNG | TECHNOLOGIE UND INNOVATION;Innsbruck;Tirol;47,2654;11,3928;http://cordis.europa.eu/project/id/101082184;;315750;;;;
101132459;point;cities;SINCRONY;UNIVERSITAET INNSBRUCK;Innsbruck;Tirol;47,2654;11,3928;http://cordis.europa.eu/project/id/101132459;;296485;;;;
101025065;point;cancer;NanoBioRS;UNIVERSITAET INNSBRUCK;Innsbruck;Tirol;47,2654;11,3928;http://cordis.europa.eu/project/id/101025065;;27925056;;;;
872328;point;climate;HIGHLANDS.3;OESTERREICHISCHE AKADEMIE DER WISSENSCHAFTEN;Innsbruck;Tirol;47,2654;11,3928;http://cordis.europa.eu/project/id/872328;;271400;;;;
101168810;point;cancer;T-RAFIC;MEDIZINISCHE UNIVERSITAT INNSBRUCK;Innsbruck;Tirol;47,2654;11,3928;http://cordis.europa.eu/project/id/101168810;;2703312;;;;
101137028;point;cancer;MONALISA;AIT AUSTRIAN INSTITUTE OF TECHNOLOGY GMBH;Innsbruck;Tirol;47,2654;11,3928;http://cordis.europa.eu/project/id/101137028;;25996125;;;;
101037090;point;cancer;ALTERNATIVE;MEDIZINISCHE UNIVERSITAT INNSBRUCK;Innsbruck;Tirol;47,2654;11,3928;http://cordis.europa.eu/project/id/101037090;;242250;;;;
101131118;point;climate;Infra4NextGen;INSTITUT FUR HOHERE STUDIEN - INSTITUTE FOR ADVANCED STUDIES;Innsbruck;Tirol;47,2654;11,3928;http://cordis.europa.eu/project/id/101131118;;21504625;;;;
101086575;point;soil;bioconfarm;AIT AUSTRIAN INSTITUTE OF TECHNOLOGY GMBH;Innsbruck;Tirol;47,2654;11,3928;http://cordis.europa.eu/project/id/101086575;;198125;;;;
101138562;point;cities;FuturHist;NATURLICH BAUEN LM OG;Innsbruck;Tirol;47,2654;11,3928;http://cordis.europa.eu/project/id/101138562;;188375;;;;
101113534;point;cancer;BRCA-PREVENT;UNIVERSITAET INNSBRUCK;Innsbruck;Tirol;47,2654;11,3928;http://cordis.europa.eu/project/id/101113534;;150000;;;;
101158345;point;cancer;EpiPrecise;UNIVERSITAET INNSBRUCK;Innsbruck;Tirol;47,2654;11,3928;http://cordis.europa.eu/project/id/101158345;;150000;;;;
101189004;point;cancer;NR2F6-AIM;MEDIZINISCHE UNIVERSITAT INNSBRUCK;Innsbruck;Tirol;47,2654;11,3928;http://cordis.europa.eu/project/id/101189004;;150000;;;;
101214879;point;cancer;PredictAYA;MEDIZINISCHE UNIVERSITAT INNSBRUCK;Innsbruck;Tirol;47,2654;11,3928;http://cordis.europa.eu/project/id/101214879;;14259375;;;;
101096362;point;cancer;EUonQoL;MEDIZINISCHE UNIVERSITAT INNSBRUCK;Innsbruck;Tirol;47,2654;11,3928;http://cordis.europa.eu/project/id/101096362;;141750;;;;
869226;point;climate;DRYvER;FRESH-THOUGHTS CONSULTING GMBH;Innsbruck;Tirol;47,2654;11,3928;http://cordis.europa.eu/project/id/869226;;121375;;;;
945052;point;cancer;SISAQOL-IMI;ESD - EVALUATION SOFTWARE DEVELOPMENT GMBH;Innsbruck;Tirol;47,2654;11,3928;http://cordis.europa.eu/project/id/945052;;111740;;;;
872391;point;cancer;cONCReTE;UNIVERSITAET INNSBRUCK;Innsbruck;Tirol;47,2654;11,3928;http://cordis.europa.eu/project/id/872391;;110400;;;;
101054429;point;cancer;BEYOND STRESS;UNIVERSITAET INNSBRUCK;Innsbruck;Tirol;47,2654;11,3928;http://cordis.europa.eu/project/id/101054429;;6461826;;;;
101046620;point;cancer;PLAST_CELL;UNIVERSITAET INNSBRUCK;Innsbruck;Tirol;47,2654;11,3928;http://cordis.europa.eu/project/id/101046620;;43750;;;;
101095424;point;cancer;FLASH;MCI MANAGEMENT CENTER INNSBRUCK INTERNATIONALE HOCHSCHULE GMBH;Innsbruck;Tirol;47,2654;11,3928;http://cordis.europa.eu/project/id/101095424;;28490;;;;
965241;point;cancer;EuroGCT;DEBRA AUSTRIA HILFE BEI EPIDERMOLYSIS BULLOSA;Innsbruck;Tirol;47,2654;11,3928;http://cordis.europa.eu/project/id/965241;;6214;;;;
101095200;point;climate;RESPONSIVE;TIROLER INTERESSENVERBAND FUR PSYCHOSOZIALE INKLUSION;Innsbruck;Tirol;47,2654;11,3928;http://cordis.europa.eu/project/id/101095200;;0;;;;
101168783;point;cancer;HubMOL;UNIVERSITAET INNSBRUCK;Innsbruck;Tirol;47,2654;11,3928;http://cordis.europa.eu/project/id/101168783;;0;;;;
101169183;point;climate;Cocoso;Förderverein bidok Österreich. Netzwerk für Inklusion;Innsbruck;Tirol;47,2654;11,3928;http://cordis.europa.eu/project/id/101169183;;0;;;;
101205088;point;soil;ROOTEX-C;UNIVERSITAET INNSBRUCK;Innsbruck;Tirol;47,2654;11,3928;http://cordis.europa.eu/project/id/101205088;;0;;;;
101211082;point;climate;EMBRACE-SIF;UNIVERSITAET INNSBRUCK;Innsbruck;Tirol;47,2654;11,3928;http://cordis.europa.eu/project/id/101211082;;0;;;;
101226628;point;soil;FutureForests;UMWELTBUNDESAMT GESELLSCHAFT MIT BESCHRANKTER HAFTUNG (UBA GMBH);Innsbruck;Tirol;47,2654;11,3928;http://cordis.europa.eu/project/id/101226628;;0;;;;
101227259;point;cancer;UNLIMITED;BIOCRATES LIFE SCIENCES AG;Innsbruck;Tirol;47,2654;11,3928;http://cordis.europa.eu/project/id/101227259;;0;;;;
101073026;point;waters;CLOUD-DOC;IONICON ANALYTIK GMBH;Innsbruck;Tirol;47,2654;11,3928;http://cordis.europa.eu/project/id/101073026;;3861874286;;;;
101008004;point;waters;ATMO-ACCESS;GEOSPHERE AUSTRIA - BUNDESANSTALT FUR GEOLOGIE | GEOPHYSIK | KLIMATOLOGIE UND METEOROLOGIE;Innsbruck;Tirol;47,2654;11,3928;http://cordis.europa.eu/project/id/101008004;;1299375;;;;
101096912;point;waters;AEROSOLS;IONICON ANALYTIK GMBH;Innsbruck;Tirol;47,2654;11,3928;http://cordis.europa.eu/project/id/101096912;;110000;;;;
101120280;point;waters;PHABB;PARITY QUANTUM COMPUTING GMBH;Innsbruck;Tirol;47,2654;11,3928;http://cordis.europa.eu/project/id/101120280;;0;;;;
101037125;point;waters;FORWARD-2030;SKF Sealing Solutions Austria GmbH;Judenburg;Steiermark;47,1694;14,6601;http://cordis.europa.eu/project/id/101037125;;15880776;;;;
4672945;point;cities;Kapfenberg_2_zeroCO2;Stadtgemeinde Kapfenberg;Kapfenberg;Steiermark;47,4405;15,2902;https://projekte.ffg.at/projekt/4672945;;;;;;
101194744;point;waters;SHERPA;CARDIOVASCULAR AND INTERVENTIONAL RADIOLOGICAL SOCIETY OF EUROPE;Kitzbühel;Tirol;47,4464;12,3911;http://cordis.europa.eu/project/id/101194744;;106000;;;;
101189771;point;cities;DataPACT;UNIVERSITAET INNSBRUCK;Klagenfurt am Wörthersee;Kärnten;46,6239;14,3076;http://cordis.europa.eu/project/id/101189771;;739375;;;;
101192753;point;cities;ePowerMove;AUSTRIATECH - GESELLSCHAFT DES BUNDES FUR TECHNOLOGIEPOLITISCHE MASSNAHMEN GMBH;Klagenfurt am Wörthersee;Kärnten;46,6239;14,3076;http://cordis.europa.eu/project/id/101192753;;42610625;;;;
101137209;point;climate;GO GREEN NEXT;FH KAERNTEN - GEMEINNUETZIGE GmbH;Klagenfurt am Wörthersee;Kärnten;46,6239;14,3076;http://cordis.europa.eu/project/id/101137209;;371500;;;;
101112731;point;climate;CARDIMED;ALCHEMIA-NOVA RESEARCH & INNOVATION GEMEINNUTZIGE GMBH;Klagenfurt am Wörthersee;Kärnten;46,6239;14,3076;http://cordis.europa.eu/project/id/101112731;;203625;;;;
101135166;point;climate;SYMBIO;ALCHEMIA-NOVA RESEARCH & INNOVATION GEMEINNUTZIGE GMBH;Klagenfurt am Wörthersee;Kärnten;46,6239;14,3076;http://cordis.europa.eu/project/id/101135166;;248025;;;;
101082131;point;cities;InvestCEC;STADTWERKE KLAGENFURT AKTIENGESELLSCHAFT;Klagenfurt am Wörthersee;Kärnten;46,6239;14,3076;http://cordis.europa.eu/project/id/101082131;;308625;;;;
101136899;point;climate;SERIGO;BUNDESANSTALT FUR AGRARWIRTSCHAFT UND BERGBAUERNFRAGEN;Klagenfurt am Wörthersee;Kärnten;46,6239;14,3076;http://cordis.europa.eu/project/id/101136899;;28482125;;;;
101095528;point;climate;FLOURISH;MEDIZINISCHE UNIVERSITAET WIEN;Klagenfurt am Wörthersee;Kärnten;46,6239;14,3076;http://cordis.europa.eu/project/id/101095528;;14097375;;;;
101146122;point;soil;SPADES;MAGISTRAT DER LANDESHAUPTSTADT KLAGENFURT;Klagenfurt am Wörthersee;Kärnten;46,6239;14,3076;http://cordis.europa.eu/project/id/101146122;;68125;;;;
101095835;point;climate;AGRARSENSE;AVL LIST GMBH;Klagenfurt am Wörthersee;Kärnten;46,6239;14,3076;http://cordis.europa.eu/project/id/101095835;;0;;;;
101192732;point;waters;ALL-DC-SHIPS;DEIF Wind Power Technology Austria GmbH;Klagenfurt am Wörthersee;Kärnten;46,6239;14,3076;http://cordis.europa.eu/project/id/101192732;;221350;;;;
805041;point;climate;CLUSTER;INSTITUTE OF SCIENCE AND TECHNOLOGY AUSTRIA;Klosterneuburg;Niederösterreich;48,305;16,3238;http://cordis.europa.eu/project/id/805041;;71934328;;;;
101057429;point;climate;environMENTAL;INSTITUTE OF SCIENCE AND TECHNOLOGY AUSTRIA;Klosterneuburg;Niederösterreich;48,305;16,3238;http://cordis.europa.eu/project/id/101057429;;424295;;;;
101060393;point;soil;BOLERO;INSTITUTE OF SCIENCE AND TECHNOLOGY AUSTRIA;Klosterneuburg;Niederösterreich;48,305;16,3238;http://cordis.europa.eu/project/id/101060393;;375400;;;;
101081464;point;climate;PLUS Change;KONRAD-LORENZ-INSTITUT FUR EVOLUTIONS-UND KOGNITIONSFORSCHUNG;Klosterneuburg;Niederösterreich;48,305;16,3238;http://cordis.europa.eu/project/id/101081464;;372500;;;;
101083671;point;waters;MICROBIOMES4SOY;AIT AUSTRIAN INSTITUTE OF TECHNOLOGY GMBH;Klosterneuburg;Niederösterreich;48,305;16,3238;http://cordis.europa.eu/project/id/101083671;;106919625;;;;
101210216;point;climate;INGEST;INSTITUTE OF SCIENCE AND TECHNOLOGY AUSTRIA;Klosterneuburg;Niederösterreich;48,305;16,3238;http://cordis.europa.eu/project/id/101210216;;21434472;;;;
101130039;point;waters;VINNY;HOHERE BUNDESLEHRANSTALT UND BUNDESAMT FUR WEIN- UND OBSTBAU KLOSTERNEUBURG;Klosterneuburg;Niederösterreich;48,305;16,3238;http://cordis.europa.eu/project/id/101130039;;36874625;;;;
951288;point;waters;Q-ARCTIC;B. GEOS GMBH;Korneuburg;Niederösterreich;48,3452;16,3215;http://cordis.europa.eu/project/id/951288;;255163904;;;;
101133587;point;climate;ILLUQ;B. GEOS GMBH;Korneuburg;Niederösterreich;48,3452;16,3215;http://cordis.europa.eu/project/id/101133587;;3359975;;;;
869471;point;waters;CHARTER;B. GEOS GMBH;Korneuburg;Niederösterreich;48,3452;16,3215;http://cordis.europa.eu/project/id/869471;;1837175;;;;
101060536;point;waters;FEAST;LEADER REGION WEINVIERTEL-DONAURAUM;Korneuburg;Niederösterreich;48,3452;16,3215;http://cordis.europa.eu/project/id/101060536;;121275;;;;
101081193;point;waters;OptimESM;B. GEOS GMBH;Korneuburg;Niederösterreich;48,3452;16,3215;http://cordis.europa.eu/project/id/101081193;;59370;;;;
101177268;point;climate;TAICo;UNIVERSITAT FUR WEITERBILDUNG KREMS;Krems an der Donau;Niederösterreich;48,4108;15,6004;http://cordis.europa.eu/project/id/101177268;;5448375;;;;
101133191;point;cancer;PAIR;UNIVERSITAT FUR WEITERBILDUNG KREMS;Krems an der Donau;Niederösterreich;48,4108;15,6004;http://cordis.europa.eu/project/id/101133191;;41414309;;;;
101094828;point;climate;FAiR;INTERNATIONAL CENTRE FOR MIGRATION POLICY DEVELOPMENT;Krems an der Donau;Niederösterreich;48,4108;15,6004;http://cordis.europa.eu/project/id/101094828;;41344125;;;;
101119852;point;climate;HEAT4ENERGY;TECHNISCHE UNIVERSITAET WIEN;Krems an der Donau;Niederösterreich;48,4108;15,6004;http://cordis.europa.eu/project/id/101119852;;0;;;;
5127011;point;climate;RENvolveIT;Universität für Weiterbildung Krems;Krems an der Donau;Niederösterreich;48,4108;15,6004;https://projekte.ffg.at/projekt/5127011;;;;;;
101227351;point;climate;Digi4Age;KARL LANDSTEINER PRIVATUNIVERSITAT FUR GESUNDHEITSWISSENSCHAFTEN GMBH;Krems an der Donau;Niederösterreich;48,4108;15,6004;http://cordis.europa.eu/project/id/101227351;;60508584;;;;
101132365;point;climate;BUILD;KARL LANDSTEINER PRIVATUNIVERSITAT FUR GESUNDHEITSWISSENSCHAFTEN GMBH;Krems an der Donau;Niederösterreich;48,4108;15,6004;http://cordis.europa.eu/project/id/101132365;;443210;;;;
101073025;point;cancer;Melomanes;ECQA GMBH;Krems an der Donau;Niederösterreich;48,4108;15,6004;http://cordis.europa.eu/project/id/101073025;;0;;;;
101129095;point;cancer;LungCare;DANUBE PRIVATE UNIVERSITY GMBH;Krems an der Donau;Niederösterreich;48,4108;15,6004;http://cordis.europa.eu/project/id/101129095;;243800;;;;
101081609;point;climate;DIGI PLUS;Tourismus Interaktiv GmbH;Kufstein;Tirol;47,583;12,1692;http://cordis.europa.eu/project/id/101081609;;0;;;;
101112581;point;soil;ELLIPSE;BEST - BIOENERGY AND SUSTAINABLE TECHNOLOGIES GMBH;Laakirchen;Oberösterreich;47,9826;13,8225;http://cordis.europa.eu/project/id/101112581;;57478625;;;;
101096789;point;cities;HYSTORE;AIT AUSTRIAN INSTITUTE OF TECHNOLOGY GMBH;Langenwang;Steiermark;47,5678;15,6223;http://cordis.europa.eu/project/id/101096789;;63868238;;;;
893135;point;cities;e-SAFE;PINK GMBH - ENERGIE- UND SPEICHERTECHNIK;Langenwang;Steiermark;47,5678;15,6223;http://cordis.europa.eu/project/id/893135;;286875;;;;
892071;point;cities;RINNO;PINK GMBH - ENERGIE- UND SPEICHERTECHNIK;Langenwang;Steiermark;47,5678;15,6223;http://cordis.europa.eu/project/id/892071;;238750;;;;
101069796;point;waters;MultiRELOAD;EUROVIENNA EU CONSULTING & MANAGEMENT GMBH;Langenzersdorf;Niederösterreich;48,3082;16,3644;http://cordis.europa.eu/project/id/101069796;;108875;;;;
101096809;point;waters;SYNERGETICS;"NATURAL PERSON; PERSONNE PRIVEE | PRIVATPERSON";Langenzersdorf;Niederösterreich;48,3082;16,3644;http://cordis.europa.eu/project/id/101096809;;45450;;;;
101079957;point;cities;RE-SKIN;HELIOTHERM WARMEPUMPENTECHNIK GES MBH;Langkampfen;Tirol;47,5516;12,0797;http://cordis.europa.eu/project/id/101079957;;827500;;;;
5131744;point;waters;IEA Bioenergy Task45;"""Internationales Institut für angewandte Systemanalyse""-""International Institute for Applied Systems Analysis""";Laxenburg;Niederösterreich;48,0687;16,3561;https://projekte.ffg.at/projekt/5131744;;;;;;
5131789;point;waters;IEA Bioenergy Task44;"""Internationales Institut für angewandte Systemanalyse""-""International Institute for Applied Systems Analysis""";Laxenburg;Niederösterreich;48,0687;16,3561;https://projekte.ffg.at/projekt/5131789;;;;;;
951542;point;climate;GENIE;INTERNATIONALES INSTITUT FUER ANGEWANDTE SYSTEMANALYSE;Laxenburg;Niederösterreich;48,0687;16,3561;http://cordis.europa.eu/project/id/951542;;2846494;;;;
101060429;point;climate;NaturaConnect;INTERNATIONALES INSTITUT FUER ANGEWANDTE SYSTEMANALYSE;Laxenburg;Niederösterreich;48,0687;16,3561;http://cordis.europa.eu/project/id/101060429;;1524375;;;;
101162653;point;climate;2C-RISK;INTERNATIONALES INSTITUT FUER ANGEWANDTE SYSTEMANALYSE;Laxenburg;Niederösterreich;48,0687;16,3561;http://cordis.europa.eu/project/id/101162653;;1499933;;;;
101081369;point;climate;SPARCCLE;INTERNATIONALES INSTITUT FUER ANGEWANDTE SYSTEMANALYSE;Laxenburg;Niederösterreich;48,0687;16,3561;http://cordis.europa.eu/project/id/101081369;;1485670;;;;
101056875;point;climate;ForestNavigator;INTERNATIONALES INSTITUT FUER ANGEWANDTE SYSTEMANALYSE;Laxenburg;Niederösterreich;48,0687;16,3561;http://cordis.europa.eu/project/id/101056875;;135179874;;;;
101060423;point;climate;LAMASUS;INTERNATIONALES INSTITUT FUER ANGEWANDTE SYSTEMANALYSE;Laxenburg;Niederösterreich;48,0687;16,3561;http://cordis.europa.eu/project/id/101060423;;1233500;;;;
101059548;point;climate;OEMC;INTERNATIONALES INSTITUT FUER ANGEWANDTE SYSTEMANALYSE;Laxenburg;Niederösterreich;48,0687;16,3561;http://cordis.europa.eu/project/id/101059548;;1107125;;;;
101086638;point;cities;Urban ReLeaf;INTERNATIONALES INSTITUT FUER ANGEWANDTE SYSTEMANALYSE;Laxenburg;Niederösterreich;48,0687;16,3561;http://cordis.europa.eu/project/id/101086638;;980000;;;;
101134874;point;climate;ACT4CAP27;INTERNATIONALES INSTITUT FUER ANGEWANDTE SYSTEMANALYSE;Laxenburg;Niederösterreich;48,0687;16,3561;http://cordis.europa.eu/project/id/101134874;;850000;;;;
101181408;point;climate;BioClima;INTERNATIONALES INSTITUT FUER ANGEWANDTE SYSTEMANALYSE;Laxenburg;Niederösterreich;48,0687;16,3561;http://cordis.europa.eu/project/id/101181408;;8124375;;;;
101060075;point;climate;BrightSpace;INTERNATIONALES INSTITUT FUER ANGEWANDTE SYSTEMANALYSE;Laxenburg;Niederösterreich;48,0687;16,3561;http://cordis.europa.eu/project/id/101060075;;808750;;;;
101057131;point;climate;CATALYSE;INTERNATIONALES INSTITUT FUER ANGEWANDTE SYSTEMANALYSE;Laxenburg;Niederösterreich;48,0687;16,3561;http://cordis.europa.eu/project/id/101057131;;699625;;;;
101183367;point;climate;NEWPATHWAYS;INTERNATIONALES INSTITUT FUER ANGEWANDTE SYSTEMANALYSE;Laxenburg;Niederösterreich;48,0687;16,3561;http://cordis.europa.eu/project/id/101183367;;697750;;;;
101056939;point;climate;RESCUE;INTERNATIONALES INSTITUT FUER ANGEWANDTE SYSTEMANALYSE;Laxenburg;Niederösterreich;48,0687;16,3561;http://cordis.europa.eu/project/id/101056939;;69159487;;;;
101081744;point;climate;RAINFOREST;INTERNATIONALES INSTITUT FUER ANGEWANDTE SYSTEMANALYSE;Laxenburg;Niederösterreich;48,0687;16,3561;http://cordis.europa.eu/project/id/101081744;;681250;;;;
101081604;point;climate;PRISMA;INTERNATIONALES INSTITUT FUER ANGEWANDTE SYSTEMANALYSE;Laxenburg;Niederösterreich;48,0687;16,3561;http://cordis.europa.eu/project/id/101081604;;679375;;;;
101081521;point;climate;UPTAKE;INTERNATIONALES INSTITUT FUER ANGEWANDTE SYSTEMANALYSE;Laxenburg;Niederösterreich;48,0687;16,3561;http://cordis.europa.eu/project/id/101081521;;6593875;;;;
101181878;point;climate;FORbEST;INTERNATIONALES INSTITUT FUER ANGEWANDTE SYSTEMANALYSE;Laxenburg;Niederösterreich;48,0687;16,3561;http://cordis.europa.eu/project/id/101181878;;657110;;;;
101003536;point;climate;ESM2025;INTERNATIONALES INSTITUT FUER ANGEWANDTE SYSTEMANALYSE;Laxenburg;Niederösterreich;48,0687;16,3561;http://cordis.europa.eu/project/id/101003536;;603900;;;;
101060483;point;climate;SWITCH;INTERNATIONALES INSTITUT FUER ANGEWANDTE SYSTEMANALYSE;Laxenburg;Niederösterreich;48,0687;16,3561;http://cordis.europa.eu/project/id/101060483;;600000;;;;
101181981;point;climate;SafeNet;INTERNATIONALES INSTITUT FUER ANGEWANDTE SYSTEMANALYSE;Laxenburg;Niederösterreich;48,0687;16,3561;http://cordis.europa.eu/project/id/101181981;;59277125;;;;
101056873;point;climate;ELEVATE;INTERNATIONALES INSTITUT FUER ANGEWANDTE SYSTEMANALYSE;Laxenburg;Niederösterreich;48,0687;16,3561;http://cordis.europa.eu/project/id/101056873;;588750;;;;
101022622;point;climate;ECEMF;INTERNATIONALES INSTITUT FUER ANGEWANDTE SYSTEMANALYSE;Laxenburg;Niederösterreich;48,0687;16,3561;http://cordis.europa.eu/project/id/101022622;;5848125;;;;
101137713;point;climate;MultiFutures;ENERGIEINSTITUT AN DER JOHANNES KEPLER UNIVERSITAT LINZ VEREIN;Laxenburg;Niederösterreich;48,0687;16,3561;http://cordis.europa.eu/project/id/101137713;;575000;;;;
101093864;point;climate;CLIMAAX;INTERNATIONALES INSTITUT FUER ANGEWANDTE SYSTEMANALYSE;Laxenburg;Niederösterreich;48,0687;16,3561;http://cordis.europa.eu/project/id/101093864;;561250;;;;
101060464;point;climate;NATURANCE;INTERNATIONALES INSTITUT FUER ANGEWANDTE SYSTEMANALYSE;Laxenburg;Niederösterreich;48,0687;16,3561;http://cordis.europa.eu/project/id/101060464;;558750;;;;
101061068;point;climate;GRANULAR;INTERNATIONALES INSTITUT FUER ANGEWANDTE SYSTEMANALYSE;Laxenburg;Niederösterreich;48,0687;16,3561;http://cordis.europa.eu/project/id/101061068;;5175625;;;;
101093942;point;climate;P2R;INTERNATIONALES INSTITUT FUER ANGEWANDTE SYSTEMANALYSE;Laxenburg;Niederösterreich;48,0687;16,3561;http://cordis.europa.eu/project/id/101093942;;5009375;;;;
101003276;point;climate;MYRIAD-EU;INTERNATIONALES INSTITUT FUER ANGEWANDTE SYSTEMANALYSE;Laxenburg;Niederösterreich;48,0687;16,3561;http://cordis.europa.eu/project/id/101003276;;490050;;;;
101137971;point;climate;EU-CHINA-BRIDGE;INTERNATIONALES INSTITUT FUER ANGEWANDTE SYSTEMANALYSE;Laxenburg;Niederösterreich;48,0687;16,3561;http://cordis.europa.eu/project/id/101137971;;4898675;;;;
101056844;point;soil;ALFAwetlands;EUROPEAN WILDERNESS SOCIETY | VEREINZUM SCHUTZ DER EUROPAISCHEN WILDNIS;Laxenburg;Niederösterreich;48,0687;16,3561;http://cordis.europa.eu/project/id/101056844;;464470;;;;
101212761;point;climate;SystR;INTERNATIONALES INSTITUT FUER ANGEWANDTE SYSTEMANALYSE;Laxenburg;Niederösterreich;48,0687;16,3561;http://cordis.europa.eu/project/id/101212761;;463375;;;;
101213184;point;climate;Trees4Adapt;INTERNATIONALES INSTITUT FUER ANGEWANDTE SYSTEMANALYSE;Laxenburg;Niederösterreich;48,0687;16,3561;http://cordis.europa.eu/project/id/101213184;;4565625;;;;
101081358;point;climate;ACCREU;INTERNATIONALES INSTITUT FUER ANGEWANDTE SYSTEMANALYSE;Laxenburg;Niederösterreich;48,0687;16,3561;http://cordis.europa.eu/project/id/101081358;;453750;;;;
101086179;point;soil;AI4SoilHealth;INTERNATIONALES INSTITUT FUER ANGEWANDTE SYSTEMANALYSE;Laxenburg;Niederösterreich;48,0687;16,3561;http://cordis.europa.eu/project/id/101086179;KI-gestützter Soil Digital Twin | Boden-Gesundheitsindex | Open-Data-Cube | App/API für Landwirte;4494225;;;;
101073957;point;climate;The HuT;INTERNATIONALES INSTITUT FUER ANGEWANDTE SYSTEMANALYSE;Laxenburg;Niederösterreich;48,0687;16,3561;http://cordis.europa.eu/project/id/101073957;;421250;;;;
101138534;point;climate;AMIGDALA;INTERNATIONALES INSTITUT FUER ANGEWANDTE SYSTEMANALYSE;Laxenburg;Niederösterreich;48,0687;16,3561;http://cordis.europa.eu/project/id/101138534;;41953125;;;;
963530;point;cities;LEAP-RE;INTERNATIONALES INSTITUT FUER ANGEWANDTE SYSTEMANALYSE;Laxenburg;Niederösterreich;48,0687;16,3561;http://cordis.europa.eu/project/id/963530;;4095625;;;;
101183460;point;climate;IM4CA;INTERNATIONALES INSTITUT FUER ANGEWANDTE SYSTEMANALYSE;Laxenburg;Niederösterreich;48,0687;16,3561;http://cordis.europa.eu/project/id/101183460;;3992925;;;;
101157482;point;climate;EUROLakes;INTERNATIONALES INSTITUT FUER ANGEWANDTE SYSTEMANALYSE;Laxenburg;Niederösterreich;48,0687;16,3561;http://cordis.europa.eu/project/id/101157482;;39734375;;;;
101036534;point;climate;FIRELOGUE;INTERNATIONALES INSTITUT FUER ANGEWANDTE SYSTEMANALYSE;Laxenburg;Niederösterreich;48,0687;16,3561;http://cordis.europa.eu/project/id/101036534;;392625;;;;
101093921;point;climate;AGORA;INTERNATIONALES INSTITUT FUER ANGEWANDTE SYSTEMANALYSE;Laxenburg;Niederösterreich;48,0687;16,3561;http://cordis.europa.eu/project/id/101093921;;364375;;;;
101181994;point;climate;PRECIOUS;INTERNATIONALES INSTITUT FUER ANGEWANDTE SYSTEMANALYSE;Laxenburg;Niederösterreich;48,0687;16,3561;http://cordis.europa.eu/project/id/101181994;;359375;;;;
101218854;point;soil;OGCR;INTERNATIONALES INSTITUT FUER ANGEWANDTE SYSTEMANALYSE;Laxenburg;Niederösterreich;48,0687;16,3561;http://cordis.europa.eu/project/id/101218854;;35061625;;;;
101081661;point;climate;WorldTrans;INTERNATIONALES INSTITUT FUER ANGEWANDTE SYSTEMANALYSE;Laxenburg;Niederösterreich;48,0687;16,3561;http://cordis.europa.eu/project/id/101081661;;344375;;;;
862731;point;climate;FRAMEwork;HOEHERE BUNDESLEHR- UND FORSCHUNGSANSTALT FUER LANDWIRTSCHAFT RAUMBERG-GUMPENSTEIN;Laxenburg;Niederösterreich;48,0687;16,3561;http://cordis.europa.eu/project/id/862731;;34321056;;;;
101074075;point;climate;MEDiate;INTERNATIONALES INSTITUT FUER ANGEWANDTE SYSTEMANALYSE;Laxenburg;Niederösterreich;48,0687;16,3561;http://cordis.europa.eu/project/id/101074075;;333750;;;;
101081617;point;climate;CHOICE;INOQO GMBH;Laxenburg;Niederösterreich;48,0687;16,3561;http://cordis.europa.eu/project/id/101081617;;297750;;;;
101134447;point;climate;ENFORCE;INTERNATIONALES INSTITUT FUER ANGEWANDTE SYSTEMANALYSE;Laxenburg;Niederösterreich;48,0687;16,3561;http://cordis.europa.eu/project/id/101134447;;29586333;;;;
101056898;point;climate;DECIPHER;INTERNATIONALES INSTITUT FUER ANGEWANDTE SYSTEMANALYSE;Laxenburg;Niederösterreich;48,0687;16,3561;http://cordis.europa.eu/project/id/101056898;;290000;;;;
101094551;point;climate;SPES;INTERNATIONALES INSTITUT FUER ANGEWANDTE SYSTEMANALYSE;Laxenburg;Niederösterreich;48,0687;16,3561;http://cordis.europa.eu/project/id/101094551;;275720;;;;
101132476;point;climate;Link4Skills;INTERNATIONAL CENTRE FOR MIGRATION POLICY DEVELOPMENT;Laxenburg;Niederösterreich;48,0687;16,3561;http://cordis.europa.eu/project/id/101132476;;268125;;;;
956623;point;climate;inventWater;INTERNATIONALES INSTITUT FUER ANGEWANDTE SYSTEMANALYSE;Laxenburg;Niederösterreich;48,0687;16,3561;http://cordis.europa.eu/project/id/956623;;26420724;;;;
101214311;point;climate;TiCCA4Danu;INTERNATIONALES INSTITUT FUER ANGEWANDTE SYSTEMANALYSE;Laxenburg;Niederösterreich;48,0687;16,3561;http://cordis.europa.eu/project/id/101214311;;26039643;;;;
101073978;point;climate;DIRECTED;INTERNATIONALES INSTITUT FUER ANGEWANDTE SYSTEMANALYSE;Laxenburg;Niederösterreich;48,0687;16,3561;http://cordis.europa.eu/project/id/101073978;;258750;;;;
101086311;point;climate;Tools4CAP;INTERNATIONALES INSTITUT FUER ANGEWANDTE SYSTEMANALYSE;Laxenburg;Niederösterreich;48,0687;16,3561;http://cordis.europa.eu/project/id/101086311;;2533125;;;;
101215153;point;climate;UNDERPIN;FRESH-THOUGHTS CONSULTING GMBH;Laxenburg;Niederösterreich;48,0687;16,3561;http://cordis.europa.eu/project/id/101215153;;218625;;;;
101184989;point;climate;NextGenCarbon;INTERNATIONALES INSTITUT FUER ANGEWANDTE SYSTEMANALYSE;Laxenburg;Niederösterreich;48,0687;16,3561;http://cordis.europa.eu/project/id/101184989;;215000;;;;
101083460;point;climate;WIMBY;INTERNATIONALES INSTITUT FUER ANGEWANDTE SYSTEMANALYSE;Laxenburg;Niederösterreich;48,0687;16,3561;http://cordis.europa.eu/project/id/101083460;;206250;;;;
101149335;point;climate;SynCAN;INTERNATIONALES INSTITUT FUER ANGEWANDTE SYSTEMANALYSE;Laxenburg;Niederösterreich;48,0687;16,3561;http://cordis.europa.eu/project/id/101149335;;19944096;;;;
101155303;point;climate;F-TRADEMARK;INTERNATIONALES INSTITUT FUER ANGEWANDTE SYSTEMANALYSE;Laxenburg;Niederösterreich;48,0687;16,3561;http://cordis.europa.eu/project/id/101155303;;19944096;;;;
101153176;point;climate;FNIT;INTERNATIONALES INSTITUT FUER ANGEWANDTE SYSTEMANALYSE;Laxenburg;Niederösterreich;48,0687;16,3561;http://cordis.europa.eu/project/id/101153176;;18360096;;;;
101073954;point;climate;PARATUS;ASFINAG ALPENSTRASSEN GMBH;Laxenburg;Niederösterreich;48,0687;16,3561;http://cordis.europa.eu/project/id/101073954;;172000;;;;
101060765;point;waters;CLEVER;INTERNATIONALES INSTITUT FUER ANGEWANDTE SYSTEMANALYSE;Laxenburg;Niederösterreich;48,0687;16,3561;http://cordis.europa.eu/project/id/101060765;;589375;;;;
101118123;point;climate;OpenMod4Africa;INTERNATIONALES INSTITUT FUER ANGEWANDTE SYSTEMANALYSE;Laxenburg;Niederösterreich;48,0687;16,3561;http://cordis.europa.eu/project/id/101118123;;121875;;;;
101136474;point;waters;AgEnRes;INTERNATIONALES INSTITUT FUER ANGEWANDTE SYSTEMANALYSE;Laxenburg;Niederösterreich;48,0687;16,3561;http://cordis.europa.eu/project/id/101136474;;497250;;;;
101002973;point;climate;POPCLIMA;INTERNATIONALES INSTITUT FUER ANGEWANDTE SYSTEMANALYSE;Laxenburg;Niederösterreich;48,0687;16,3561;http://cordis.europa.eu/project/id/101002973;;0;;;;
101154967;point;climate;IRACS;INTERNATIONALES INSTITUT FUER ANGEWANDTE SYSTEMANALYSE;Laxenburg;Niederösterreich;48,0687;16,3561;http://cordis.europa.eu/project/id/101154967;;0;;;;
101156116;point;waters;SpongeWorks;INTERNATIONALES INSTITUT FUER ANGEWANDTE SYSTEMANALYSE;Laxenburg;Niederösterreich;48,0687;16,3561;http://cordis.europa.eu/project/id/101156116;;454375;;;;
101135110;point;waters;SEED-FD;INTERNATIONALES INSTITUT FUER ANGEWANDTE SYSTEMANALYSE;Laxenburg;Niederösterreich;48,0687;16,3561;http://cordis.europa.eu/project/id/101135110;;391815;;;;
101180636;point;waters;WATERGRID;INTERNATIONALES INSTITUT FUER ANGEWANDTE SYSTEMANALYSE;Laxenburg;Niederösterreich;48,0687;16,3561;http://cordis.europa.eu/project/id/101180636;;365000;;;;
101213933;point;waters;INSPIRI;INTERNATIONALES INSTITUT FUER ANGEWANDTE SYSTEMANALYSE;Laxenburg;Niederösterreich;48,0687;16,3561;http://cordis.europa.eu/project/id/101213933;;251875;;;;
101182455;point;waters;Nature-3B;INTERNATIONALES INSTITUT FUER ANGEWANDTE SYSTEMANALYSE;Laxenburg;Niederösterreich;48,0687;16,3561;http://cordis.europa.eu/project/id/101182455;;246000;;;;
101059264;point;waters;SOS-WATER;EUTEMA RESEARCH SERVICES GMBH;Laxenburg;Niederösterreich;48,0687;16,3561;http://cordis.europa.eu/project/id/101059264;;239125;;;;
101192913;point;waters;LowC;INTERNATIONALES INSTITUT FUER ANGEWANDTE SYSTEMANALYSE;Laxenburg;Niederösterreich;48,0687;16,3561;http://cordis.europa.eu/project/id/101192913;;150000;;;;
101135071;point;waters;ESCIB;LENZING AKTIENGESELLSCHAFT;Lenzing;Oberösterreich;47,9731;13,605;http://cordis.europa.eu/project/id/101135071;;107000;;;;
101003750;point;cities;DIGIECOQUARRY;MONTANUNIVERSITAET LEOBEN;Leoben;Steiermark;47,3805;15,0948;http://cordis.europa.eu/project/id/101003750;;947000;;;;
101136779;point;cities;HI-EURECA-PRO;MONTANUNIVERSITAET LEOBEN;Leoben;Steiermark;47,3805;15,0948;http://cordis.europa.eu/project/id/101136779;;2975625;;;;
101126655;point;climate;ECOSPHERE;MONTANUNIVERSITAET LEOBEN;Leoben;Steiermark;47,3805;15,0948;http://cordis.europa.eu/project/id/101126655;;0;;;;
101214172;point;climate;GRACE;BAB Project Einrichtung mit eigener Rechtspersönlichkeit an der Bundesanstalt für Agrarwirtschaft und Bergbauernfragen;Lichtenegg;Niederösterreich;47,5998;16,1968;http://cordis.europa.eu/project/id/101214172;;2134375;;;;
101225967;point;climate;HARMONY;D.M.A.T. CONSULTING KG;Lieboch;Steiermark;46,9749;15,3338;http://cordis.europa.eu/project/id/101225967;;144854;;;;
4871395;point;cities;ERGODIC;Universität Linz;Linz;Oberösterreich;48,3059;14,2862;https://projekte.ffg.at/projekt/4871395;;;;;;
5125338;point;climate;Climate4Health;Energieinstitut an der Johannes Kepler Universität Linz;Linz;Oberösterreich;48,3059;14,2862;https://projekte.ffg.at/projekt/5125338;;;;;;
5124564;point;cities;FIT4NEB_Linz;Landeshauptstadt Linz;Linz;Oberösterreich;48,3059;14,2862;https://projekte.ffg.at/projekt/5124564;;;;;;
5126996;point;waters;EISER;Energieinstitut an der Johannes Kepler Universität Linz;Linz;Oberösterreich;48,3059;14,2862;https://projekte.ffg.at/projekt/5126996;;;;;;
101136095;point;cities;TREASURE;AEE - INSTITUT FUR NACHHALTIGE TECHNOLOGIEN;Linz;Oberösterreich;48,3059;14,2862;http://cordis.europa.eu/project/id/101136095;;1695250;;;;
101156799;point;climate;ClimAIr;DCS COMPUTING GMBH;Linz;Oberösterreich;48,3059;14,2862;http://cordis.europa.eu/project/id/101156799;;7890625;;;;
101058677;point;climate;Impetus;ARS ELECTRONICA LINZ GMBH & CO KG;Linz;Oberösterreich;48,3059;14,2862;http://cordis.europa.eu/project/id/101058677;;6791015;;;;
101135031;point;cities;ATRIUM;ALCHEMIA-NOVA RESEARCH & INNOVATION GEMEINNUTZIGE GMBH;Linz;Oberösterreich;48,3059;14,2862;http://cordis.europa.eu/project/id/101135031;;570625;;;;
101136377;point;climate;EINSTEIN;UNIVERSITAT LINZ;Linz;Oberösterreich;48,3059;14,2862;http://cordis.europa.eu/project/id/101136377;;484575;;;;
896932;point;cancer;TTV GUIDE TX;EUTEMA RESEARCH SERVICES GMBH;Linz;Oberösterreich;48,3059;14,2862;http://cordis.europa.eu/project/id/896932;;473250;;;;
101059372;point;climate;STARS4Water;UNIVERSITAET FUER BODENKULTUR WIEN;Linz;Oberösterreich;48,3059;14,2862;http://cordis.europa.eu/project/id/101059372;;428000;;;;
101060264;point;climate;SCALE-UP;BUSINESS UPPER AUSTRIA - OO WIRTSCHAFTSAGENTUR GMBH;Linz;Oberösterreich;48,3059;14,2862;http://cordis.europa.eu/project/id/101060264;;328900;;;;
101215634;point;cities;NEB Junction;ARS ELECTRONICA LINZ GMBH & CO KG;Linz;Oberösterreich;48,3059;14,2862;http://cordis.europa.eu/project/id/101215634;;3079375;;;;
101094217;point;climate;CRITICAL CHANGELAB;ARS ELECTRONICA LINZ GMBH & CO KG;Linz;Oberösterreich;48,3059;14,2862;http://cordis.europa.eu/project/id/101094217;;304750;;;;
101157658;point;climate;OptiForValue;KOMPETENZZENTRUM HOLZ GMBH;Linz;Oberösterreich;48,3059;14,2862;http://cordis.europa.eu/project/id/101157658;;279995;;;;
101023271;point;cities;PROSPECTplus;ENERGIESPARVERBAND OBEROSTERREICH;Linz;Oberösterreich;48,3059;14,2862;http://cordis.europa.eu/project/id/101023271;;258475;;;;
101059565;point;climate;Engage4BIO;BUSINESS UPPER AUSTRIA - OO WIRTSCHAFTSAGENTUR GMBH;Linz;Oberösterreich;48,3059;14,2862;http://cordis.europa.eu/project/id/101059565;;215750;;;;
101182942;point;soil;FarmBioNet;BIO AUSTRIA - VEREIN ZUR FORDERUNG DES BIOLOGISCHEN LANDBAUS;Linz;Oberösterreich;48,3059;14,2862;http://cordis.europa.eu/project/id/101182942;;1356135;;;;
101060343;point;climate;T-REX;LINZ TEXTIL GESELLSCHAFT MBH;Linz;Oberösterreich;48,3059;14,2862;http://cordis.europa.eu/project/id/101060343;;113750;;;;
101133326;point;climate;TransformDairyNet;BIO AUSTRIA - VEREIN ZUR FORDERUNG DES BIOLOGISCHEN LANDBAUS;Linz;Oberösterreich;48,3059;14,2862;http://cordis.europa.eu/project/id/101133326;;93500;;;;
945449;point;cancer;SEURO;VEREIN ZUR FOERDERUNG ASSISTIERENDER TECHNOLOGIE IN EUROPA;Linz;Oberösterreich;48,3059;14,2862;http://cordis.europa.eu/project/id/945449;;85000;;;;
101084323;point;waters;BLOW;MCE GMBH;Linz;Oberösterreich;48,3059;14,2862;http://cordis.europa.eu/project/id/101084323;;456250;;;;
101072851;point;waters;MFLOPS;ANDRITZ HYDRO GMBH;Linz;Oberösterreich;48,3059;14,2862;http://cordis.europa.eu/project/id/101072851;;3861874286;;;;
101172764;point;waters;PHOENIX;K1-MET GMBH;Linz;Oberösterreich;48,3059;14,2862;http://cordis.europa.eu/project/id/101172764;;11481063;;;;
101036854;point;climate;CIRCULAR FOAM;BT-SYSTEMS GMBH;Ludersdorf;Steiermark;46,8941;15,861;http://cordis.europa.eu/project/id/101036854;;1008500;;;;
4798692;point;waters;DANUBIUS Austria;WasserCluster Lunz - Biologische Station GmbH;Lunz am See;Niederösterreich;47,8607;15,0271;https://projekte.ffg.at/projekt/4798692;;;;;;
101056782;point;climate;RESTORE4Cs;WASSERKLUSTER LUNZ BIOLOGISCHE STATION GMBH;Lunz am See;Niederösterreich;47,8607;15,0271;http://cordis.europa.eu/project/id/101056782;;42642375;;;;
101169293;point;climate;BEYOND;UNIVERSITAET FUER BODENKULTUR WIEN;Lunz am See;Niederösterreich;47,8607;15,0271;http://cordis.europa.eu/project/id/101169293;;0;;;;
101138373;point;cities;META BUILD;BLUEPRINT ENERGY SOLUTIONS GMBH;Matreis;Tirol;47,0;12,533;http://cordis.europa.eu/project/id/101138373;;156875;;;;
101058426;point;waters;SYMSITES;AAT ABWASSER- UND ABFALLTECHNIK GMBH;Michelhausen;Niederösterreich;48,2906;15,9386;http://cordis.europa.eu/project/id/101058426;;352875;;;;
5136275;point;cities;Hitzeinseln Feldbach;LEA GmbH;Mühldorf bei Feldbach;Steiermark;46,9369;15,9047;https://projekte.ffg.at/projekt/5136275;;;;;;
101137643;point;climate;ResC4EU;GREENTWIN GMBH;Munderfing;Oberösterreich;48,0682;13,1834;http://cordis.europa.eu/project/id/101137643;;5538142857;;;;
101136211;point;climate;REFORMERS;AIT AUSTRIAN INSTITUTE OF TECHNOLOGY GMBH;Murau;Steiermark;47,1123;14,1691;http://cordis.europa.eu/project/id/101136211;;9498115;;;;
LIFE24-ENV-AT-abatoncircular/101214333;point;cities;LIFE24-ENV-AT-abatoncircular;ABATON GMBH;Wien;Wien;48,1857;16,4222;https://webgate.ec.europa.eu/life/publicWebsite/project/LIFE24-ENV-AT-abatoncircular-101214333/demonstration-of-the-automated-co2-neutral-circular-production-of-radiant-heating-and-cooling-panels-with-humidity-control-from-recycled-inputs;concrete products industry | climate change adaptation | building material;2096435;;;;
101132497;point;climate;R-Map;RESEARCH AND INNOVATION MANAGEMENT GMBH;Neumarkt an der Ybbs;Niederösterreich;48,1406;15,0591;http://cordis.europa.eu/project/id/101132497;;256125;;;;
958397;point;cities;INFINITE;GRUNSTATTGRAU FORSCHUNGS- UND INNOVATIONS-GMBH;Ober-Grafendorf;Niederösterreich;48,15;15,5438;http://cordis.europa.eu/project/id/958397;;224500;;;;
101156486;point;waters;GoodByO;KRAJETE GMBH;Pasching;Oberösterreich;48,2576;14,2044;http://cordis.europa.eu/project/id/101156486;;562500;;;;
4952649;point;waters;MARSHES;4D-IT GmbH;Pfaffstätten;Niederösterreich;48,0173;16,2645;https://projekte.ffg.at/projekt/4952649;;;;;;
101132442;point;climate;ChemiNova;4D-IT GMBH;Pfaffstätten;Niederösterreich;48,0173;16,2645;http://cordis.europa.eu/project/id/101132442;;20988375;;;;
5124444;point;cities;ReVation;TOWERN3000 Projekt- & Medienagentur GmbH;Pichl;Steiermark;47,5694;13,8543;https://projekte.ffg.at/projekt/5124444;;;;;;
101181159;point;waters;ActFast;GARANT - TIERNAHRUNG GESELLSCHAFT MBH;Pöchlarn;Niederösterreich;48,212;15,212;http://cordis.europa.eu/project/id/101181159;;6552875;;;;
101235027;point;cities;DIGISOLAR;AEE - INSTITUT FUR NACHHALTIGE TECHNOLOGIEN;Pörtschach;Kärnten;46,636;14,1448;http://cordis.europa.eu/project/id/101235027;;9106146;;;;
101181363;point;waters;BioDiMoBot;OESTERREICHISCHE BUNDESFORSTE AG;Purkersdorf;Niederösterreich;48,2077;16,1772;http://cordis.europa.eu/project/id/101181363;;727375;;;;
101061051;point;climate;RUSTIK;BUNDESANSTALT FUR AGRARWIRTSCHAFT UND BERGBAUERNFRAGEN;Radenthein;Kärnten;46,8007;13,7107;http://cordis.europa.eu/project/id/101061051;;3898235;;;;
101091860;point;waters;DISCO2030;LKR LEICHTMETALLKOMPETENZZENTRUM RANSHOFEN GMBH;Ranshofen;Oberösterreich;48,2352;13,0149;http://cordis.europa.eu/project/id/101091860;;47797875;;;;
101137574;point;waters;AREANA;LKR LEICHTMETALLKOMPETENZZENTRUM RANSHOFEN GMBH;Ranshofen;Oberösterreich;48,2352;13,0149;http://cordis.europa.eu/project/id/101137574;;3043312;;;;
101129729;point;soil;LOC3G;J. KRISMER HANDELSGESELLSCHAFT MBH;Rum;Tirol;47,2868;11,4574;http://cordis.europa.eu/project/id/101129729;;3285714286;;;;
4805450;point;climate;Co-CreArT;Universität Mozarteum Salzburg;Salzburg;Salzburg;47,7981;13,0465;https://projekte.ffg.at/projekt/4805450;;;;;;
5132156;point;climate;LEONA;Universität Salzburg;Salzburg;Salzburg;47,7981;13,0465;https://projekte.ffg.at/projekt/5132156;;;;;;
5123294;point;cancer;CELLCOMM;Universität Salzburg;Salzburg;Salzburg;47,7981;13,0465;https://projekte.ffg.at/projekt/5123294;;;;;;
4672909;point;soil;BONANZA;Research Studios Austria Forschungsgesellschaft mbH;Salzburg;Salzburg;47,7981;13,0465;https://projekte.ffg.at/projekt/4672909;;;;;;
101071485;point;cancer;CombiDiag;G.TEC MEDICAL ENGINEERING GMBH;Schiedlberg;Oberösterreich;48,0921;14,2646;http://cordis.europa.eu/project/id/101071485;;0;;;;
101129661;point;climate;ADAPTATION;SUNPLUGGED - SOLARE ENERGIESYSTEME GMBH;Schwaz;Tirol;47,345;11,7084;http://cordis.europa.eu/project/id/101129661;;169250;;;;
101193674;point;climate;HARD2SCALE;ACCENT INKUBATOR GMBH;Schwechat;Niederösterreich;48,105;16,5849;http://cordis.europa.eu/project/id/101193674;;19792375;;;;
101104445;point;climate;UASEEDs;PLUG AND PLAY AUSTRIA GMBH;Schwechat;Niederösterreich;48,105;16,5849;http://cordis.europa.eu/project/id/101104445;;36400;;;;
101060818;point;waters;aWISH;HIGELSBERGER GMBH;Schwertberg;Oberösterreich;48,2741;14,5818;http://cordis.europa.eu/project/id/101060818;;127500;;;;
101227653;point;waters;UP2MEM;RHP TECHNOLOGY GMBH;Seibersdorf an der Leitha;Niederösterreich;47,9569;16,5377;http://cordis.europa.eu/project/id/101227653;;0;;;;
101036640;point;climate;SHARED GREEN DEAL;Fachhochschule Kärnten - gemeinnützige Privatstiftung;Spital an der Drau;Kärnten;46,7992;13,4929;http://cordis.europa.eu/project/id/101036640;;3663288;;;;
101094821;point;waters;ERA_FABRIC;ECOPLUS.NIEDEROSTERREICHS WIRTSCHAFTSAGENTUR GMBH;St. Pölten;Niederösterreich;48,2044;15,6229;http://cordis.europa.eu/project/id/101094821;;100000;;;;
101000574;point;climate;RESONATE;PAPIERHOLZ AUSTRIA GMBH;St. Gertraud;Kärnten;46,8698;14,8777;http://cordis.europa.eu/project/id/101000574;;43500;;;;
101060368;point;waters;OrganicTargets4EU;LANDWIRTSCHAFTSKAMMER NIEDEROESTERREICH;St. Pölten;Niederösterreich;48,2044;15,6229;http://cordis.europa.eu/project/id/101060368;;1553125;;;;
5125896;point;climate;KliWaSim;Fachhochschule St. Pölten ForschungsGmbH;St. Pölten;Niederösterreich;48,2044;15,6229;https://projekte.ffg.at/projekt/5125896;;;;;;
4712947;point;climate;CLEA;Fachhochschule St. Pölten GmbH;St. Pölten;Niederösterreich;48,2044;15,6229;https://projekte.ffg.at/projekt/4712947;;;;;;
101071317;point;climate;E3UDRES2 Ent-r-e-novators;Hochschule für Angewandte Wissenschaften St. Pölten GmbH;St. Pölten;Niederösterreich;48,2044;15,6229;http://cordis.europa.eu/project/id/101071317;;39105309;;;;
101132847;point;cancer;IMPROVE;Hochschule für Angewandte Wissenschaften St. Pölten GmbH;St. Pölten;Niederösterreich;48,2044;15,6229;http://cordis.europa.eu/project/id/101132847;;262250;;;;
101136597;point;climate;RURBANIVE;ALCHEMIA-NOVA RESEARCH & INNOVATION GEMEINNUTZIGE GMBH;St. Pölten;Niederösterreich;48,2044;15,6229;http://cordis.europa.eu/project/id/101136597;;316750;;;;
101218949;point;soil;TRAILS4SOIL;BODEN.LEBEN - VEREIN FUR KLIMAANGEPASSTE UND AUFBAUENDE LANDWIRTSCHAFT;St. Pölten;Niederösterreich;48,2044;15,6229;http://cordis.europa.eu/project/id/101218949;Nachhaltige Landwirtschaft| Agrifood| Bodenmanagement;3306225;;;;
101084179;point;climate;ClimateSmartAdvisors;LANDESKAMMER FUER LAND UND FORTWIRTSCHAFT IN STEIERMARK;St. Pölten;Niederösterreich;48,2044;15,6229;http://cordis.europa.eu/project/id/101084179;;3197025;;;;
101182590;point;climate;LiveNet;LANDWIRTSCHAFTSKAMMER NIEDEROESTERREICH;St. Pölten;Niederösterreich;48,2044;15,6229;http://cordis.europa.eu/project/id/101182590;;250000;;;;
101134122;point;climate;AdvisoryNetPEST;LANDESKAMMER FUER LAND UND FORTWIRTSCHAFT IN STEIERMARK;St. Pölten;Niederösterreich;48,2044;15,6229;http://cordis.europa.eu/project/id/101134122;;24729375;;;;
101134850;point;soil;OrganicAdviceNetwork;LANDESKAMMER FUER LAND UND FORTWIRTSCHAFT IN STEIERMARK;St. Pölten;Niederösterreich;48,2044;15,6229;http://cordis.europa.eu/project/id/101134850;;5365095;;;;
101137237;point;climate;XR2ESILIENCE;Hochschule für Angewandte Wissenschaften St. Pölten GmbH;St. Pölten;Niederösterreich;48,2044;15,6229;http://cordis.europa.eu/project/id/101137237;;623075;;;;
101086115;point;climate;FoodMAPP;RONGE & PARTNER GMBH;Tattendorf;Niederösterreich;47,959;16,3023;http://cordis.europa.eu/project/id/101086115;;9857142857;;;;
101178082;point;climate;SARAH;ARMENGAUD INNOVATE GMBH;Tobelbad;Steiermark;46,9809;15,3659;http://cordis.europa.eu/project/id/101178082;;3859112429;;;;
101112824;point;waters;iMERMAID;ARMENGAUD INNOVATE GMBH;Tobelbad;Steiermark;46,9809;15,3659;http://cordis.europa.eu/project/id/101112824;;283750;;;;
101059849;point;waters;ToNoWaste;AKARYON GMBH;Traun;Oberösterreich;47,9186;13,8023;http://cordis.europa.eu/project/id/101059849;;42550974;;;;
101180278;point;waters;FUTUREFOR;BEETLE FORTECH GMBH;Tulln;Niederösterreich;48,3312;16,0518;http://cordis.europa.eu/project/id/101180278;;127500;;;;
101072475;point;waters;HOTBIO;Oxford Antibiotic Group GmbH;Tulln;Niederösterreich;48,3312;16,0518;http://cordis.europa.eu/project/id/101072475;;0;;;;
5122762;point;climate;FFoQSI;FFoQSI GmbH;Tulln an der Donau;Niederösterreich;48,3312;16,0518;https://projekte.ffg.at/projekt/5122762;;;;;;
4711870;point;soil;DeFree;Beetle ForTech GmbH;Tulln an der Donau;Niederösterreich;48,3312;16,0518;https://projekte.ffg.at/projekt/4711870;;;;;;
101157373;point;soil;TERRASAFE;AGROBIOGEL GMBH;Tulln an der Donau;Niederösterreich;48,3312;16,0518;http://cordis.europa.eu/project/id/101157373;;25263375;;;;
101021957;point;climate;NIGHTINGALE;EUROPÄISCHE GESELLSCHAFT FÜR TRAUMA- UND AKUTCHIRURGIE / EUROPEAN SOCIETY FOR TRAUMA AND EMERGENCY SURGERY | ESTES;Unterwagram;Niederösterreich;48,2123;15,6536;http://cordis.europa.eu/project/id/101021957;;505000;;;;
101033805;point;cities;IncorporatEE;E7 GMBH;Villach;Kärnten;46,6167;13,85;http://cordis.europa.eu/project/id/101033805;;5997016;;;;
101081964;point;soil;BioMonitor4CAP;FH KAERNTEN - GEMEINNUETZIGE GmbH;Villach;Kärnten;46,6167;13,85;http://cordis.europa.eu/project/id/101081964;;5139875;;;;
101069651;point;climate;BRIDGES 5.0;AIT AUSTRIAN INSTITUTE OF TECHNOLOGY GMBH;Villach;Kärnten;46,6167;13,85;http://cordis.europa.eu/project/id/101069651;;488520;;;;
101140226;point;waters;Cynergy4MIE;AVL LIST GMBH;Villach;Kärnten;46,6167;13,85;http://cordis.europa.eu/project/id/101140226;;2460900;;;;
101138897;point;climate;BRIDGESMEs;SILICON ALPS CLUSTER GMBH;Villach;Kärnten;46,6167;13,85;http://cordis.europa.eu/project/id/101138897;;3642857143;;;;
101081974;point;waters;HelEx;FH KAERNTEN - GEMEINNUETZIGE GmbH;Villach;Kärnten;46,6167;13,85;http://cordis.europa.eu/project/id/101081974;;330380;;;;
4480917;point;climate;ViCorp;Stadtgemeinde Villach;Villach;Kärnten;46,6167;13,85;https://projekte.ffg.at/projekt/4480917;;;;;;
955907;point;climate;Coral;IMPACT HUB GMBH;Vorchdorf;Oberösterreich;48,0035;13,9228;http://cordis.europa.eu/project/id/955907;;26420724;;;;
101060759;point;waters;D4AgEcol;PESSL INSTRUMENTS GMBH;Weiz;Steiermark;47,2174;15,6222;http://cordis.europa.eu/project/id/101060759;;69625;;;;
5130224;point;climate;ECLIPSE;FH OÖ Forschungs & Entwicklungs GmbH;Wels;Oberösterreich;48,1565;14,0244;https://projekte.ffg.at/projekt/5130224;;;;;;
5128904;point;waters;UNITE;FH OÖ Forschungs & Entwicklungs GmbH;Wels;Oberösterreich;48,1565;14,0244;https://projekte.ffg.at/projekt/5128904;;;;;;
101006774;point;cities;CoacHyfied;PLASTIC OMNIUM NEW ENERGIES WELS GMBH;Wels;Oberösterreich;48,1565;14,0244;http://cordis.europa.eu/project/id/101006774;;5663675;;;;
4429536;point;waters;MDZ-GSA;Umweltbundesamt Gesellschaft mit beschränkter Haftung (UBA-GmbH);Wien;Wien;48,1857;16,4222;https://projekte.ffg.at/projekt/4429536;;;;;;
5129189;point;waters;winDTwin;UBIMET GmbH;Wien;Wien;48,1857;16,4222;https://projekte.ffg.at/projekt/5129189;;;;;;
5124335;point;waters;UNDERPIN;AIT Austrian Institute of Technology GmbH;Wien;Wien;48,1857;16,4222;https://projekte.ffg.at/projekt/5124335;;;;;;
5126998;point;waters;RESTOR;AIT Austrian Institute of Technology GmbH;Wien;Wien;48,1857;16,4222;https://projekte.ffg.at/projekt/5126998;;;;;;
5123067;point;waters;HoSMoS;AIT Austrian Institute of Technology GmbH;Wien;Wien;48,1857;16,4222;https://projekte.ffg.at/projekt/5123067;;;;;;
5122298;point;waters;refinq SaaS;refinq GmbH;Wien;Wien;48,1857;16,4222;https://projekte.ffg.at/projekt/5122298;;;;;;
5130884;point;waters;DIAMONDcleanWATER;Schöberl & Pöll GmbH;Wien;Wien;48,1857;16,4222;https://projekte.ffg.at/projekt/5130884;;;;;;
4812792;point;waters;HydrOp;HYDROGRID GmbH;Wien;Wien;48,1857;16,4222;https://projekte.ffg.at/projekt/4812792;;;;;;
5131768;point;waters;IEA-BioenergyTask42;tbw research GesmbH;Wien;Wien;48,1857;16,4222;https://projekte.ffg.at/projekt/5131768;;;;;;
4265928;point;waters;IEA Bioenergy Task42;tbw research GesmbH;Wien;Wien;48,1857;16,4222;https://projekte.ffg.at/projekt/4265928;;;;;;
4933975;point;waters;CICA;Technische Universität Wien;Wien;Wien;48,1857;16,4222;https://projekte.ffg.at/projekt/4933975;;;;;;
4491906;point;waters;SEWAT;Technische Universität Wien;Wien;Wien;48,1857;16,4222;https://projekte.ffg.at/projekt/4491906;;;;;;
4641746;point;waters;Phosphate2D;Technische Universität Wien;Wien;Wien;48,1857;16,4222;https://projekte.ffg.at/projekt/4641746;;;;;;
4199870;point;waters;DIWIEN;Technische Universität Wien;Wien;Wien;48,1857;16,4222;https://projekte.ffg.at/projekt/4199870;;;;;;
5125269;point;waters;PostDisaster;Technische Universität Wien;Wien;Wien;48,1857;16,4222;https://projekte.ffg.at/projekt/5125269;;;;;;
LIFE17 IPE/AT/000006;point;waters;LIFE IP IRIS AUSTRIA;Bundesministerium für Landwirtschaft | Regionen und Tourismus;Wien;Wien;48,1857;16,4222;https://webgate.ec.europa.eu/life/publicWebsite/project/LIFE17-IPE-AT-000006/life-ip-integrated-river-solutions-in-austria;freshwater ecosystem | risk management | flood protection | river management | climate change adaptation;9919584;;;;
LIFE21-NAT-AT-LIFE-Boat-4-Sturgeon/101074146;point;waters;LIFE21-NAT-AT-LIFE Boat 4 Sturgeon;UNIVERSITAET FUER BODENKULTUR WIEN;Wien;Wien;48,1857;16,4222;https://webgate.ec.europa.eu/life/publicWebsite/project/LIFE21-NAT-AT-LIFE-Boat-4-Sturgeon-101074146/life-boat-to-rescue-four-danube-sturgeon-species-from-extinction;river | fish;7912642;;;;
LIFE18 NAT/AT/000733;point;waters;Dynamic LIFE Lines Danube;via donau Oesterreichische Wasserstrassen-Gesellschaft mbH;Wien;Wien;48,1857;16,4222;https://webgate.ec.europa.eu/life/publicWebsite/project/LIFE18-NAT-AT-000733/dynamic-life-lines-danube;aquatic ecosystem | freshwater ecosystem | renaturation | river | restoration measure | river management | flood control;6438393;;;;
101217025;point;waters;VIP-3;INSTITUT FUER MOLEKULARE BIOTECHNOLOGIE GMBH;Wien;Wien;48,1857;16,4222;http://cordis.europa.eu/project/id/101217025;;3867428571;;;;
101141581;point;waters;NEREIDES;UNIVERSITAT WIEN;Wien;Wien;48,1857;16,4222;http://cordis.europa.eu/project/id/101141581;;2841791;;;;
101167445;point;waters;RECLESS;UNIVERSITAT WIEN;Wien;Wien;48,1857;16,4222;http://cordis.europa.eu/project/id/101167445;;2509002;;;;
885646;point;waters;INFRANORTH;UNIVERSITAT WIEN;Wien;Wien;48,1857;16,4222;http://cordis.europa.eu/project/id/885646;;249999875;;;;
101054580;point;waters;INNORES;UNIVERSITAT WIEN;Wien;Wien;48,1857;16,4222;http://cordis.europa.eu/project/id/101054580;;2497210;;;;
101124903;point;waters;TwinPolitics;UNIVERSITAT WIEN;Wien;Wien;48,1857;16,4222;http://cordis.europa.eu/project/id/101124903;;1999734;;;;
101124629;point;waters;SeaSym;UNIVERSITAT WIEN;Wien;Wien;48,1857;16,4222;http://cordis.europa.eu/project/id/101124629;;1999496;;;;
819952;point;waters;Mari.Time;UNIVERSITAT WIEN;Wien;Wien;48,1857;16,4222;http://cordis.europa.eu/project/id/819952;;1975000;;;;
101087063;point;waters;ASAP;UNIVERSITAET FUER BODENKULTUR WIEN;Wien;Wien;48,1857;16,4222;http://cordis.europa.eu/project/id/101087063;;1962685;;;;
101116021;point;waters;METHANIAQ;UNIVERSITAT WIEN;Wien;Wien;48,1857;16,4222;http://cordis.europa.eu/project/id/101116021;;1497793;;;;
101075609;point;waters;GSEU;GEOSPHERE AUSTRIA - BUNDESANSTALT FUR GEOLOGIE | GEOPHYSIK | KLIMATOLOGIE UND METEOROLOGIE;Wien;Wien;48,1857;16,4222;http://cordis.europa.eu/project/id/101075609;;147940875;;;;
101036484;point;waters;WaterLANDS;LANDSCAPE FINANCE LAB - VEREIN FURINKUBATION NACHHALTIGER LANDSCHAFTEN;Wien;Wien;48,1857;16,4222;http://cordis.europa.eu/project/id/101036484;;13150875;;;;
957843;point;waters;MAESHA;CYBERGRID GMBH;Wien;Wien;48,1857;16,4222;http://cordis.europa.eu/project/id/957843;;116523625;;;;
101206245;point;waters;SEAMPHONI;GOLEM - GESELLSCHAFT FUR INTEGRIERTE MIKROELEKTRONISCHE KOMPLETTLOESUNGEN GMBH;Wien;Wien;48,1857;16,4222;http://cordis.europa.eu/project/id/101206245;;10803125;;;;
101103998;point;cities;DEDALUS;BLUEPRINT ENERGY SOLUTIONS GMBH;Wien;Wien;48,1857;16,4222;http://cordis.europa.eu/project/id/101103998;;370625;;;;
101217154;point;waters;OHAMR;AGES - OSTERREICHISCHE AGENTUR FUR GESUNDHEIT UND ERNAHRUNGSSICHERHEIT GMBH;Wien;Wien;48,1857;16,4222;http://cordis.europa.eu/project/id/101217154;;10495625;;;;
101073985;point;waters;EURMARS;AIT AUSTRIAN INSTITUTE OF TECHNOLOGY GMBH;Wien;Wien;48,1857;16,4222;http://cordis.europa.eu/project/id/101073985;;97531188;;;;
101172817;point;waters;DCDYNAMIC;UNIVERSITAT WIEN;Wien;Wien;48,1857;16,4222;http://cordis.europa.eu/project/id/101172817;;9310469;;;;
101172838;point;waters;LEAP-SE;OSTERREICHISCHE FORSCHUNGSFORDERUNGSGESELLSCHAFT MBH;Wien;Wien;48,1857;16,4222;http://cordis.europa.eu/project/id/101172838;;8981055;;;;
101136346;point;waters;EUPAHW;AGES - OSTERREICHISCHE AGENTUR FUR GESUNDHEIT UND ERNAHRUNGSSICHERHEIT GMBH;Wien;Wien;48,1857;16,4222;http://cordis.europa.eu/project/id/101136346;;81568875;;;;
871128;point;waters;eLTER PLUS;UMWELTBUNDESAMT GESELLSCHAFT MIT BESCHRANKTER HAFTUNG (UBA GMBH);Wien;Wien;48,1857;16,4222;http://cordis.europa.eu/project/id/871128;;81558075;;;;
101182324;point;waters;PROTEIN4IMPACT;GOLEM - GESELLSCHAFT FUR INTEGRIERTE MIKROELEKTRONISCHE KOMPLETTLOESUNGEN GMBH;Wien;Wien;48,1857;16,4222;http://cordis.europa.eu/project/id/101182324;;753770;;;;
101060527;point;waters;modernAKIS;LANDLICHES FORTBILDUNGSINSTITUT OSTERREICH | KURZ LFI OSTERREICH;Wien;Wien;48,1857;16,4222;http://cordis.europa.eu/project/id/101060527;;7487371;;;;
101003777;point;waters;BiodivRestore;FONDS ZUR FÖRDERUNG DER WISSENSCHAFTLICHEN FORSCHUNG;Wien;Wien;48,1857;16,4222;http://cordis.europa.eu/project/id/101003777;;715213;;;;
101198044;point;waters;SAPEA;OESTERREICHISCHE AKADEMIE DER WISSENSCHAFTEN;Wien;Wien;48,1857;16,4222;http://cordis.europa.eu/project/id/101198044;;714625;;;;
101165643;point;waters;NHPig;VETERINAERMEDIZINISCHE UNIVERSITAET WIEN;Wien;Wien;48,1857;16,4222;http://cordis.europa.eu/project/id/101165643;;69922125;;;;
101114746;point;waters;Mi-Hy;BIOFACTION KG;Wien;Wien;48,1857;16,4222;http://cordis.europa.eu/project/id/101114746;;69861125;;;;
965173;point;waters;Imptox;MEDIZINISCHE UNIVERSITAET WIEN;Wien;Wien;48,1857;16,4222;http://cordis.europa.eu/project/id/965173;;683950;;;;
101134976;point;waters;ProtectFish;UNIVERSITAET FUER BODENKULTUR WIEN;Wien;Wien;48,1857;16,4222;http://cordis.europa.eu/project/id/101134976;;6683175;;;;
101058179;point;waters;ENGINE;UNIVERSITAET FUER BODENKULTUR WIEN;Wien;Wien;48,1857;16,4222;http://cordis.europa.eu/project/id/101058179;;6614125;;;;
101006912;point;waters;Phy2Climate;ITS FORDERBERATUNG GMBH;Wien;Wien;48,1857;16,4222;http://cordis.europa.eu/project/id/101006912;;656250;;;;
953214;point;waters;upPE-T;UNIVERSITAET FUER BODENKULTUR WIEN;Wien;Wien;48,1857;16,4222;http://cordis.europa.eu/project/id/953214;;612545;;;;
101036756;point;waters;ZeroPM;UNIVERSITAT WIEN;Wien;Wien;48,1857;16,4222;http://cordis.europa.eu/project/id/101036756;;5939475;;;;
101084362;point;waters;H-HOPE;TECHNISCHE UNIVERSITAET WIEN;Wien;Wien;48,1857;16,4222;http://cordis.europa.eu/project/id/101084362;;57504125;;;;
101135343;point;waters;TRANSEATION;SPOTTERON GMBH;Wien;Wien;48,1857;16,4222;http://cordis.europa.eu/project/id/101135343;;566625;;;;
101186814;point;waters;WATERsense;AIT AUSTRIAN INSTITUTE OF TECHNOLOGY GMBH;Wien;Wien;48,1857;16,4222;http://cordis.europa.eu/project/id/101186814;;55280025;;;;
101181169;point;waters;VALOR;UNIVERSITAET FUER BODENKULTUR WIEN;Wien;Wien;48,1857;16,4222;http://cordis.europa.eu/project/id/101181169;;548500;;;;
101119940;point;waters;DESTINY;UNIVERSITAET FUER BODENKULTUR WIEN;Wien;Wien;48,1857;16,4222;http://cordis.europa.eu/project/id/101119940;;5406624;;;;
101059379;point;waters;BAMBOO;WIRTSCHAFTSUNIVERSITAT WIEN;Wien;Wien;48,1857;16,4222;http://cordis.europa.eu/project/id/101059379;;529550;;;;
101130073;point;waters;PHAntastic;RTDS - VEREIN ZUR FORDERUNG DER KOMMUNIKATION UND VERMITTLUNG VON FORSCHUNG | TECHNOLOGIE UND INNOVATION (RTDS VEREIN | ENGL. RTDS ASSOCIATION);Wien;Wien;48,1857;16,4222;http://cordis.europa.eu/project/id/101130073;;520000;;;;
101083833;point;waters;WiLiMan-ID;BIOFACTION KG;Wien;Wien;48,1857;16,4222;http://cordis.europa.eu/project/id/101083833;;51927311;;;;
101112736;point;waters;Restore4Life;UNIVERSITAET FUER BODENKULTUR WIEN;Wien;Wien;48,1857;16,4222;http://cordis.europa.eu/project/id/101112736;;510250;;;;
101182338;point;waters;PALUS DEMOS;LANDSCAPE FINANCE LAB - VEREIN FURINKUBATION NACHHALTIGER LANDSCHAFTEN;Wien;Wien;48,1857;16,4222;http://cordis.europa.eu/project/id/101182338;;501250;;;;
101084163;point;waters;RATION;AIT AUSTRIAN INSTITUTE OF TECHNOLOGY GMBH;Wien;Wien;48,1857;16,4222;http://cordis.europa.eu/project/id/101084163;;49957125;;;;
101057971;point;waters;REPurpose;UNIVERSITAET FUER BODENKULTUR WIEN;Wien;Wien;48,1857;16,4222;http://cordis.europa.eu/project/id/101057971;;49010875;;;;
101101961;point;waters;HECATE;AIT AUSTRIAN INSTITUTE OF TECHNOLOGY GMBH;Wien;Wien;48,1857;16,4222;http://cordis.europa.eu/project/id/101101961;;48990525;;;;
101137025;point;waters;DETECTIVE;AGES - OSTERREICHISCHE AGENTUR FUR GESUNDHEIT UND ERNAHRUNGSSICHERHEIT GMBH;Wien;Wien;48,1857;16,4222;http://cordis.europa.eu/project/id/101137025;;4884175;;;;
101192699;point;waters;HARPOONERS;AIT AUSTRIAN INSTITUTE OF TECHNOLOGY GMBH;Wien;Wien;48,1857;16,4222;http://cordis.europa.eu/project/id/101192699;;462973;;;;
5121254;point;cancer;INV501 in cancer;invIOs GmbH;Wien;Wien;48,1857;16,4222;https://projekte.ffg.at/projekt/5121254;;;;;;
5129209;point;cancer;SOLYRNA;Universität Wien;Wien;Wien;48,1857;16,4222;https://projekte.ffg.at/projekt/5129209;;;;;;
5131594;point;cities;ModularHeatNet;e7 GmbH;Wien;Wien;48,1857;16,4222;https://projekte.ffg.at/projekt/5131594;;;;;;
5129230;point;cancer;FastSpectra;Österreichische Akademie der Wissenschaften;Wien;Wien;48,1857;16,4222;https://projekte.ffg.at/projekt/5129230;;;;;;
5131605;point;cities;Klimaquartier Melk;Green4Cities GmbH;Wien;Wien;48,1857;16,4222;https://projekte.ffg.at/projekt/5131605;;;;;;
4869275;point;cities;AccessCity4All;Österreichische Akademie der Wissenschaften;Wien;Wien;48,1857;16,4222;https://projekte.ffg.at/projekt/4869275;;;;;;
5124532;point;cities;crowd2raum;morgenjungs GmbH;Wien;Wien;48,1857;16,4222;https://projekte.ffg.at/projekt/5124532;;;;;;
5124590;point;cities;WEG zur Zukunft;wohnbund:consult eG;Wien;Wien;48,1857;16,4222;https://projekte.ffg.at/projekt/5124590;;;;;;
5124597;point;cities;LehmKur;IBO - Österreichisches Institut für Baubiologie und -ökologie;Wien;Wien;48,1857;16,4222;https://projekte.ffg.at/projekt/5124597;;;;;;
5124603;point;cities;SAFE;DI Andrea Maria Mann;Wien;Wien;48,1857;16,4222;https://projekte.ffg.at/projekt/5124603;;;;;;
5124620;point;cities;LehB:KlimafitDemo2+1;wohnbund:consult eG;Wien;Wien;48,1857;16,4222;https://projekte.ffg.at/projekt/5124620;;;;;;
5122748;point;cancer;Re-mark-able;Österreichisches Forschungsinstitut für Chemie und Technik | kurz Österreichisches Forschungsinstitut | abgekürzt OFI;Wien;Wien;48,1857;16,4222;https://projekte.ffg.at/projekt/5122748;;;;;;
5123644;point;cancer;TREPaed AOP;AOP Orphan Pharmaceuticals GmbH;Wien;Wien;48,1857;16,4222;https://projekte.ffg.at/projekt/5123644;;;;;;
5124573;point;cities;ResourceRevival;e7 GmbH;Wien;Wien;48,1857;16,4222;https://projekte.ffg.at/projekt/5124573;;;;;;
5124579;point;cities;ECO-Transformation;indigo development holding gmbh;Wien;Wien;48,1857;16,4222;https://projekte.ffg.at/projekt/5124579;;;;;;
5124628;point;cities;FavoriteFacade ReUse;Wörtl - Gößler Jutta Mag.;Wien;Wien;48,1857;16,4222;https://projekte.ffg.at/projekt/5124628;;;;;;
4459633;point;cities;PED-ACT;Wonderland - platform for european architecture;Wien;Wien;48,1857;16,4222;https://projekte.ffg.at/projekt/4459633;;;;;;
5134817;point;cities;CIRCON II;Österreichisches Forschungsinstitut für Chemie und Technik | kurz Österreichisches Forschungsinstitut | abgekürzt OFI;Wien;Wien;48,1857;16,4222;https://projekte.ffg.at/projekt/5134817;;;;;;
4869291;point;cities;POSEIDON;Wonderland - platform for european architecture;Wien;Wien;48,1857;16,4222;https://projekte.ffg.at/projekt/4869291;;;;;;
5130742;point;climate;MENY-trees;Green4Cities GmbH;Wien;Wien;48,1857;16,4222;https://projekte.ffg.at/projekt/5130742;;;;;;
3968838;point;cancer;HiBPM;Österreichische Akademie der Wissenschaften;Wien;Wien;48,1857;16,4222;https://projekte.ffg.at/projekt/3968838;;;;;;
4821201;point;cities;ZxB;realitylab GmbH;Wien;Wien;48,1857;16,4222;https://projekte.ffg.at/projekt/4821201;;;;;;
5120486;point;climate;CuHeMo;Universität Wien;Wien;Wien;48,1857;16,4222;https://projekte.ffg.at/projekt/5120486;;;;;;
4805440;point;cities;SeasonalStorage4EG;RAG Austria AG;Wien;Wien;48,1857;16,4222;https://projekte.ffg.at/projekt/4805440;;;;;;
5134442;point;cities;KIMONI;Green4Cities GmbH;Wien;Wien;48,1857;16,4222;https://projekte.ffg.at/projekt/5134442;;;;;;
5120672;point;cities;QuantEEFlex;e7 GmbH;Wien;Wien;48,1857;16,4222;https://projekte.ffg.at/projekt/5120672;;;;;;
5120442;point;cities;SUSTHERIT;Österreichische Akademie der Wissenschaften;Wien;Wien;48,1857;16,4222;https://projekte.ffg.at/projekt/5120442;;;;;;
5129568;point;climate;GET-ET;SISTEMA GmbH;Wien;Wien;48,1857;16,4222;https://projekte.ffg.at/projekt/5129568;;;;;;
4352935;point;climate;SDG-HUB;webLyzard technology gmbh;Wien;Wien;48,1857;16,4222;https://projekte.ffg.at/projekt/4352935;;;;;;
5130659;point;cities;10., Rothneusiedl;Wohnfonds - Wiener Stadtwerke Entwicklungs GmbH;Wien;Wien;48,1857;16,4222;https://projekte.ffg.at/projekt/5130659;;;;;;
5131728;point;climate;IEA Empowering All;ÖGUT GesmbH;Wien;Wien;48,1857;16,4222;https://projekte.ffg.at/projekt/5131728;;;;;;
5131512;point;cities;EnerFlexBuildings;Fachhochschule Technikum Wien;Wien;Wien;48,1857;16,4222;https://projekte.ffg.at/projekt/5131512;;;;;;
5129287;point;cities;Co-PED;Eutropian GmbH;Wien;Wien;48,1857;16,4222;https://projekte.ffg.at/projekt/5129287;;;;;;
5129310;point;cities;TuneTo15;LAUT - Landschaftsarchitektur und urbane Transformation OG;Wien;Wien;48,1857;16,4222;https://projekte.ffg.at/projekt/5129310;;;;;;
5129312;point;cities;COLINE;CEU GmbH;Wien;Wien;48,1857;16,4222;https://projekte.ffg.at/projekt/5129312;;;;;;
4227320;point;cities;SmallWind4Cities;Fachhochschule Technikum Wien;Wien;Wien;48,1857;16,4222;https://projekte.ffg.at/projekt/4227320;;;;;;
4424998;point;cities;KLIMADEMO VIS-A-VIS;einszueins architektur ZT GMBH;Wien;Wien;48,1857;16,4222;https://projekte.ffg.at/projekt/4424998;;;;;;
4052460;point;climate;VERITAS-AT;GeoSphere Austria - Bundesanstalt für Geologie | Geophysik | Klimatologie und Meteorologie;Wien;Wien;48,1857;16,4222;https://projekte.ffg.at/projekt/4052460;;;;;;
101096780;point;waters;REFOLUTION;OMV DOWNSTREAM GMBH;Wien;Wien;48,1857;16,4222;http://cordis.europa.eu/project/id/101096780;;441555;;;;
4476942;point;climate;DOCK for Change!;Kinderbüro Universität Wien GmbH;Wien;Wien;48,1857;16,4222;https://projekte.ffg.at/projekt/4476942;;;;;;
4499073;point;cancer;Tackle NF1;Medizinische Universität Wien;Wien;Wien;48,1857;16,4222;https://projekte.ffg.at/projekt/4499073;;;;;;
4856674;point;cities;ClimaSens;VRVis GmbH;Wien;Wien;48,1857;16,4222;https://projekte.ffg.at/projekt/4856674;;;;;;
5126090;point;cancer;MR-VIPRO;Medizinische Universität Wien;Wien;Wien;48,1857;16,4222;https://projekte.ffg.at/projekt/5126090;;;;;;
4578461;point;cities;Erdbewegung;IBO - Österreichisches Institut für Bauen und Ökologie GmbH;Wien;Wien;48,1857;16,4222;https://projekte.ffg.at/projekt/4578461;;;;;;
5123272;point;soil;ISMC;Universität für Bodenkultur Wien;Wien;Wien;48,1857;16,4222;https://projekte.ffg.at/projekt/5123272;;;;;;
4584314;point;cancer;HPV Immunotherapy;BlueSky Immunotherapies GmbH;Wien;Wien;48,1857;16,4222;https://projekte.ffg.at/projekt/4584314;;;;;;
5120502;point;cities;DREI x NULL = NULL;MAGK aichholzer / klein ZT-OG;Wien;Wien;48,1857;16,4222;https://projekte.ffg.at/projekt/5120502;;;;;;
5131187;point;cities;Infrared.city 2024;Infrared City GmbH;Wien;Wien;48,1857;16,4222;https://projekte.ffg.at/projekt/5131187;;;;;;
4672920;point;cities;DekarboGen;e7 GmbH;Wien;Wien;48,1857;16,4222;https://projekte.ffg.at/projekt/4672920;;;;;;
4672941;point;cities;Wiener Klima Himmel;tatwort Nachhaltige Projekte GmbH;Wien;Wien;48,1857;16,4222;https://projekte.ffg.at/projekt/4672941;;;;;;
5129080;point;soil;VinoMon;biohelp - biologischer Pflanzenschutz- Nützlingsproduktions- | Handels- und Beratungs GmbH;Wien;Wien;48,1857;16,4222;https://projekte.ffg.at/projekt/5129080;;;;;;
5121030;point;cities;AUTOFREI;AIT Austrian Institute of Technology GmbH;Wien;Wien;48,1857;16,4222;https://projekte.ffg.at/projekt/5121030;;;;;;
4869327;point;cities;DREAMS;Universität für Bodenkultur Wien;Wien;Wien;48,1857;16,4222;https://projekte.ffg.at/projekt/4869327;;;;;;
5124097;point;climate;StärKa;Johanniter Österreich Ausbildung und Forschung gemeinnützige GmbH;Wien;Wien;48,1857;16,4222;https://projekte.ffg.at/projekt/5124097;;;;;;
5120811;point;cities;check4zero;AIT Austrian Institute of Technology GmbH;Wien;Wien;48,1857;16,4222;https://projekte.ffg.at/projekt/5120811;;;;;;
5131621;point;cities;Urban Sky;AIT Austrian Institute of Technology GmbH;Wien;Wien;48,1857;16,4222;https://projekte.ffg.at/projekt/5131621;;;;;;
4555289;point;cities;Öffi-Packerl;Fraunhofer Austria Research GmbH;Wien;Wien;48,1857;16,4222;https://projekte.ffg.at/projekt/4555289;;;;;;
5129507;point;climate;HectoRenew;AIT Austrian Institute of Technology GmbH;Wien;Wien;48,1857;16,4222;https://projekte.ffg.at/projekt/5129507;;;;;;
5125307;point;climate;Phoenigs;AIT Austrian Institute of Technology GmbH;Wien;Wien;48,1857;16,4222;https://projekte.ffg.at/projekt/5125307;;;;;;
4459629;point;cities;Citizens4PED;e7 GmbH;Wien;Wien;48,1857;16,4222;https://projekte.ffg.at/projekt/4459629;;;;;;
4499054;point;cancer;AutOPathStage;Medizinische Universität Wien;Wien;Wien;48,1857;16,4222;https://projekte.ffg.at/projekt/4499054;;;;;;
4496689;point;cancer;KI-Blutzellanalyse;Medizinische Universität Wien;Wien;Wien;48,1857;16,4222;https://projekte.ffg.at/projekt/4496689;;;;;;
5134406;point;cities;DESIREE;AIT Austrian Institute of Technology GmbH;Wien;Wien;48,1857;16,4222;https://projekte.ffg.at/projekt/5134406;;;;;;
5129303;point;climate;NEEDS Repowered;AIT Austrian Institute of Technology GmbH;Wien;Wien;48,1857;16,4222;https://projekte.ffg.at/projekt/5129303;;;;;;
5131586;point;cities;KNP-Lienz;AIT Austrian Institute of Technology GmbH;Wien;Wien;48,1857;16,4222;https://projekte.ffg.at/projekt/5131586;;;;;;
5131576;point;cities;cityclimAIte;AIT Austrian Institute of Technology GmbH;Wien;Wien;48,1857;16,4222;https://projekte.ffg.at/projekt/5131576;;;;;;
5120376;point;climate;CERTIFIER;AIT Austrian Institute of Technology GmbH;Wien;Wien;48,1857;16,4222;https://projekte.ffg.at/projekt/5120376;;;;;;
4641713;point;cancer;NanoPredict;AIT Austrian Institute of Technology GmbH;Wien;Wien;48,1857;16,4222;https://projekte.ffg.at/projekt/4641713;;;;;;
4672917;point;climate;Volkert macht blau;AIT Austrian Institute of Technology GmbH;Wien;Wien;48,1857;16,4222;https://projekte.ffg.at/projekt/4672917;;;;;;
2834579;point;cities;DAVeMoS;Universität für Bodenkultur Wien;Wien;Wien;48,1857;16,4222;https://projekte.ffg.at/projekt/2834579;;;;;;
5127019;point;cities;SDG-BASED;AIT Austrian Institute of Technology GmbH;Wien;Wien;48,1857;16,4222;https://projekte.ffg.at/projekt/5127019;;;;;;
4603536;point;cities;IEA HPT Annex 60;AIT Austrian Institute of Technology GmbH;Wien;Wien;48,1857;16,4222;https://projekte.ffg.at/projekt/4603536;;;;;;
4603507;point;cities;IEA HPT Annex 51+;AIT Austrian Institute of Technology GmbH;Wien;Wien;48,1857;16,4222;https://projekte.ffg.at/projekt/4603507;;;;;;
4677500;point;climate;EnergAIze;AIT Austrian Institute of Technology GmbH;Wien;Wien;48,1857;16,4222;https://projekte.ffg.at/projekt/4677500;;;;;;
3793905;point;soil;GreenDeal4Real;AIT Austrian Institute of Technology GmbH;Wien;Wien;48,1857;16,4222;https://projekte.ffg.at/projekt/3793905;;;;;;
4316914;point;climate;CREATE;AIT Austrian Institute of Technology GmbH;Wien;Wien;48,1857;16,4222;https://projekte.ffg.at/projekt/4316914;;;;;;
4448096;point;cities;GOES;AIT Austrian Institute of Technology GmbH;Wien;Wien;48,1857;16,4222;https://projekte.ffg.at/projekt/4448096;;;;;;
4762136;point;cities;MARGRET;IBO - Österreichisches Institut für Bauen und Ökologie GmbH;Wien;Wien;48,1857;16,4222;https://projekte.ffg.at/projekt/4762136;;;;;;
4847506;point;climate;KliMate;AIT Austrian Institute of Technology GmbH;Wien;Wien;48,1857;16,4222;https://projekte.ffg.at/projekt/4847506;;;;;;
4875808;point;climate;ROBINE;AIT Austrian Institute of Technology GmbH;Wien;Wien;48,1857;16,4222;https://projekte.ffg.at/projekt/4875808;;;;;;
4762053;point;cities;LenA circular houses;materialnomaden GmbH;Wien;Wien;48,1857;16,4222;https://projekte.ffg.at/projekt/4762053;;;;;;
4265925;point;cities;IEA Annex 83 Austria;AIT Austrian Institute of Technology GmbH;Wien;Wien;48,1857;16,4222;https://projekte.ffg.at/projekt/4265925;;;;;;
5134181;point;cities;CEScaleUP;AIT Austrian Institute of Technology GmbH;Wien;Wien;48,1857;16,4222;https://projekte.ffg.at/projekt/5134181;;;;;;
5134187;point;cities;IMPACT;AIT Austrian Institute of Technology GmbH;Wien;Wien;48,1857;16,4222;https://projekte.ffg.at/projekt/5134187;;;;;;
5134197;point;cities;TEA-Pump;AIT Austrian Institute of Technology GmbH;Wien;Wien;48,1857;16,4222;https://projekte.ffg.at/projekt/5134197;;;;;;
4581350;point;cities;AMAzE 2.0;Fraunhofer Austria Research GmbH;Wien;Wien;48,1857;16,4222;https://projekte.ffg.at/projekt/4581350;;;;;;
4777247;point;cities;KONZIB;Universität für Bodenkultur Wien;Wien;Wien;48,1857;16,4222;https://projekte.ffg.at/projekt/4777247;;;;;;
4897553;point;cancer;STAT5 and ETV6;RIANA Therapeutics GmbH;Wien;Wien;48,1857;16,4222;https://projekte.ffg.at/projekt/4897553;;;;;;
4955869;point;cities;EBC TCP Annex 91;AIT Austrian Institute of Technology GmbH;Wien;Wien;48,1857;16,4222;https://projekte.ffg.at/projekt/4955869;;;;;;
4869323;point;cities;Making PEDs;AIT Austrian Institute of Technology GmbH;Wien;Wien;48,1857;16,4222;https://projekte.ffg.at/projekt/4869323;;;;;;
4869325;point;cities;DigiTwins4PEDs;AIT Austrian Institute of Technology GmbH;Wien;Wien;48,1857;16,4222;https://projekte.ffg.at/projekt/4869325;;;;;;
4316925;point;climate;TANGO-W;AIT Austrian Institute of Technology GmbH;Wien;Wien;48,1857;16,4222;https://projekte.ffg.at/projekt/4316925;;;;;;
4338285;point;climate;Strasshof Klimafit!;B-NK GmbH;Wien;Wien;48,1857;16,4222;https://projekte.ffg.at/projekt/4338285;;;;;;
4672913;point;cities;Energy WITH Spirit;B-NK GmbH;Wien;Wien;48,1857;16,4222;https://projekte.ffg.at/projekt/4672913;;;;;;
4781907;point;climate;RaumGrün & Gemeinden;B-NK GmbH;Wien;Wien;48,1857;16,4222;https://projekte.ffg.at/projekt/4781907;;;;;;
5124587;point;cities;Decarb Alt Erlaa;IBR & I Institute of Building Research & Innovation ZT GmbH;Wien;Wien;48,1857;16,4222;https://projekte.ffg.at/projekt/5124587;;;;;;
5124622;point;cities;FROSCHBERG 2.0;IBR & I Institute of Building Research & Innovation ZT GmbH;Wien;Wien;48,1857;16,4222;https://projekte.ffg.at/projekt/5124622;;;;;;
4683078;point;cities;Klima-Pionier Wien;Bundeshauptstadt Wien;Wien;Wien;48,1857;16,4222;https://projekte.ffg.at/projekt/4683078;;;;;;
5126111;point;cities;ZUKUNFTSANKER;IBR & I Institute of Building Research & Innovation ZT GmbH;Wien;Wien;48,1857;16,4222;https://projekte.ffg.at/projekt/5126111;;;;;;
4869321;point;cities;HeatCOOP;realitylab GmbH;Wien;Wien;48,1857;16,4222;https://projekte.ffg.at/projekt/4869321;;;;;;
5125189;point;climate;PARAHSOHL;Gesundheit Österreich GmbH;Wien;Wien;48,1857;16,4222;https://projekte.ffg.at/projekt/5125189;;;;;;
4014632;point;climate;ProBACH;IBR & I Institute of Building Research & Innovation ZT GmbH;Wien;Wien;48,1857;16,4222;https://projekte.ffg.at/projekt/4014632;;;;;;
4227285;point;cities;Sani60ies;IBR & I Institute of Building Research & Innovation ZT GmbH;Wien;Wien;48,1857;16,4222;https://projekte.ffg.at/projekt/4227285;;;;;;
4847525;point;climate;3WINpA;Gesundheit Österreich GmbH;Wien;Wien;48,1857;16,4222;https://projekte.ffg.at/projekt/4847525;;;;;;
5125030;point;climate;GreenTouch;Institut für Höhere Studien - Institute for Advanced Studies (IHS);Wien;Wien;48,1857;16,4222;https://projekte.ffg.at/projekt/5125030;;;;;;
4866609;point;climate;Hate Crime;Institut für Höhere Studien - Institute for Advanced Studies (IHS);Wien;Wien;48,1857;16,4222;https://projekte.ffg.at/projekt/4866609;;;;;;
5133423;point;cities;Schutz.aufs.Dach II;Holzforschung Austria - Österreichische Gesellschaft für Holzforschung;Wien;Wien;48,1857;16,4222;https://projekte.ffg.at/projekt/5133423;;;;;;
4847510;point;climate;HeatProtect;Complexity Science Hub Vienna CSH - Verein zur Förderung wissenschaftlicher Forschung im Bereich komplexer Systeme;Wien;Wien;48,1857;16,4222;https://projekte.ffg.at/projekt/4847510;;;;;;
5120498;point;climate;ARCA;Universität Wien;Wien;Wien;48,1857;16,4222;https://projekte.ffg.at/projekt/5120498;;;;;;
5121684;point;cities;CircularityOptimizer;BUSarchitektur ZT GmbH;Wien;Wien;48,1857;16,4222;https://projekte.ffg.at/projekt/5121684;;;;;;
101086521;point;waters;OneAquaHealth;SYNYO GmbH;Wien;Wien;48,1857;16,4222;http://cordis.europa.eu/project/id/101086521;;428750;;;;
5123611;point;cancer;ChoPIN;YGION Biomedical GmbH;Wien;Wien;48,1857;16,4222;https://projekte.ffg.at/projekt/5123611;;;;;;
5129680;point;cancer;aitios cfDNA assay;aitiologic GmbH;Wien;Wien;48,1857;16,4222;https://projekte.ffg.at/projekt/5129680;;;;;;
5129223;point;cities;UNLOCK15;Universität für Bodenkultur Wien;Wien;Wien;48,1857;16,4222;https://projekte.ffg.at/projekt/5129223;;;;;;
5129278;point;cities;GARDEN;e7 GmbH;Wien;Wien;48,1857;16,4222;https://projekte.ffg.at/projekt/5129278;;;;;;
101122151;point;waters;FuelGae;RTDS - VEREIN ZUR FORDERUNG DER KOMMUNIKATION UND VERMITTLUNG VON FORSCHUNG | TECHNOLOGIE UND INNOVATION (RTDS VEREIN | ENGL. RTDS ASSOCIATION);Wien;Wien;48,1857;16,4222;http://cordis.europa.eu/project/id/101122151;;427000;;;;
5131583;point;climate;fERNkornSAN;Schöberl & Pöll GmbH;Wien;Wien;48,1857;16,4222;https://projekte.ffg.at/projekt/5131583;;;;;;
4617031;point;cities;SmartCity Baumgarten;Schöberl & Pöll GmbH;Wien;Wien;48,1857;16,4222;https://projekte.ffg.at/projekt/4617031;;;;;;
4639581;point;cities;ENERGY-AUTONOMY-BOX;Schöberl & Pöll GmbH;Wien;Wien;48,1857;16,4222;https://projekte.ffg.at/projekt/4639581;;;;;;
4362599;point;cities;plusenergy-FLAGSHIP;Schöberl & Pöll GmbH;Wien;Wien;48,1857;16,4222;https://projekte.ffg.at/projekt/4362599;;;;;;
4653774;point;cities;TollsThatWork;Wirtschaftsuniversität Wien;Wien;Wien;48,1857;16,4222;https://projekte.ffg.at/projekt/4653774;;;;;;
5072381;point;cities;Kolpingquartier;Schöberl & Pöll GmbH;Wien;Wien;48,1857;16,4222;https://projekte.ffg.at/projekt/5072381;;;;;;
4123850;point;cities;OWA+QUARTIER ;Schöberl & Pöll GmbH;Wien;Wien;48,1857;16,4222;https://projekte.ffg.at/projekt/4123850;;;;;;
4672928;point;cities;RESI.GO;wohnbund:consult eG;Wien;Wien;48,1857;16,4222;https://projekte.ffg.at/projekt/4672928;;;;;;
101226110;point;waters;ACTIVE PCP;SYNYO GmbH;Wien;Wien;48,1857;16,4222;http://cordis.europa.eu/project/id/101226110;;425500;;;;
101112541;point;waters;FURIOUS;UNIVERSITAET FUER BODENKULTUR WIEN;Wien;Wien;48,1857;16,4222;http://cordis.europa.eu/project/id/101112541;;411455;;;;
5124578;point;cities;MasSan;RENOWAVE.AT eG;Wien;Wien;48,1857;16,4222;https://projekte.ffg.at/projekt/5124578;;;;;;
5130987;point;cities;OurPowerDiversity;OurPower Energiegenossenschaft SCE mit beschränkter Haftung;Wien;Wien;48,1857;16,4222;https://projekte.ffg.at/projekt/5130987;;;;;;
4216544;point;cities;RENOWAVE.AT;RENOWAVE.AT eG;Wien;Wien;48,1857;16,4222;https://projekte.ffg.at/projekt/4216544;;;;;;
4712936;point;cities;Let's Netz!;PlanSinn Planung & Kommunikation GmbH;Wien;Wien;48,1857;16,4222;https://projekte.ffg.at/projekt/4712936;;;;;;
5134545;point;cities;SeRenoWood;RENOWAVE.AT eG;Wien;Wien;48,1857;16,4222;https://projekte.ffg.at/projekt/5134545;;;;;;
5124619;point;cities;ProzesSan;RENOWAVE.AT eG;Wien;Wien;48,1857;16,4222;https://projekte.ffg.at/projekt/5124619;;;;;;
4672919;point;cities;ZUSIE;Caritas der Erzdiözese Wien - Hilfe in Not;Wien;Wien;48,1857;16,4222;https://projekte.ffg.at/projekt/4672919;;;;;;
5132903;point;climate;Klimawald Österreich;Caritas der Erzdiözese Wien - Hilfe in Not;Wien;Wien;48,1857;16,4222;https://projekte.ffg.at/projekt/5132903;;;;;;
4777236;point;cities;FAMOUS;Verkehrsverbund Ost-Region (VOR) Gesellschaft m.b.H.;Wien;Wien;48,1857;16,4222;https://projekte.ffg.at/projekt/4777236;;;;;;
5120999;point;cities;SINA;UIV Urban Innovation Vienna GmbH;Wien;Wien;48,1857;16,4222;https://projekte.ffg.at/projekt/5120999;;;;;;
5124580;point;cities;Zukunft OWA;UIV Urban Innovation Vienna GmbH;Wien;Wien;48,1857;16,4222;https://projekte.ffg.at/projekt/5124580;;;;;;
5129580;point;cities;GTIF-AT SC;UIV Urban Innovation Vienna GmbH;Wien;Wien;48,1857;16,4222;https://projekte.ffg.at/projekt/5129580;;;;;;
5132600;point;cities;MEIDLINGER L Demo;GrünStattGrau Forschungs- und Innovations-GmbH;Wien;Wien;48,1857;16,4222;https://projekte.ffg.at/projekt/5132600;;;;;;
5126071;point;cancer;NK-CFD;Technische Universität Wien;Wien;Wien;48,1857;16,4222;https://projekte.ffg.at/projekt/5126071;;;;;;
5126427;point;cities;Sunny4Urban;Technische Universität Wien;Wien;Wien;48,1857;16,4222;https://projekte.ffg.at/projekt/5126427;;;;;;
5129226;point;cities;POTUS;Technische Universität Wien;Wien;Wien;48,1857;16,4222;https://projekte.ffg.at/projekt/5129226;;;;;;
5129262;point;cities;Pol4PED;Technische Universität Wien;Wien;Wien;48,1857;16,4222;https://projekte.ffg.at/projekt/5129262;;;;;;
5134482;point;cities;Synergien Gestalten;Technische Universität Wien;Wien;Wien;48,1857;16,4222;https://projekte.ffg.at/projekt/5134482;;;;;;
5134403;point;cities;Kletterpflanzen NAVI;GrünStattGrau Forschungs- und Innovations-GmbH;Wien;Wien;48,1857;16,4222;https://projekte.ffg.at/projekt/5134403;;;;;;
4828488;point;cities;ProSeCO;Technische Universität Wien;Wien;Wien;48,1857;16,4222;https://projekte.ffg.at/projekt/4828488;;;;;;
5132004;point;cities;KlimaQuartierNikolai;e7 GmbH;Wien;Wien;48,1857;16,4222;https://projekte.ffg.at/projekt/5132004;;;;;;
4496721;point;cancer;ELEVATE;Technische Universität Wien;Wien;Wien;48,1857;16,4222;https://projekte.ffg.at/projekt/4496721;;;;;;
4869324;point;cities;MBD15;Technische Universität Wien;Wien;Wien;48,1857;16,4222;https://projekte.ffg.at/projekt/4869324;;;;;;
101112879;point;waters;INSPIRE;ALCHEMIA-NOVA RESEARCH & INNOVATION GEMEINNUTZIGE GMBH;Wien;Wien;48,1857;16,4222;http://cordis.europa.eu/project/id/101112879;;410000;;;;
4830128;point;cities;Geodatklim;UIV Urban Innovation Vienna GmbH;Wien;Wien;48,1857;16,4222;https://projekte.ffg.at/projekt/4830128;;;;;;
3795797;point;cities;Digital findet Stadt;Digital Findet Stadt GmbH;Wien;Wien;48,1857;16,4222;https://projekte.ffg.at/projekt/3795797;;;;;;
5135221;point;cities;KRAISBAU;CIRCULAR ECONOMY FORUM AUSTRIA (CEFA);Wien;Wien;48,1857;16,4222;https://projekte.ffg.at/projekt/5135221;;;;;;
4648159;point;cities;Circular Twin;Technische Universität Wien;Wien;Wien;48,1857;16,4222;https://projekte.ffg.at/projekt/4648159;;;;;;
5134193;point;cities;GreenFDT;Technische Universität Wien;Wien;Wien;48,1857;16,4222;https://projekte.ffg.at/projekt/5134193;;;;;;
4334883;point;cities;Hybrid LSC;Technische Universität Wien;Wien;Wien;48,1857;16,4222;https://projekte.ffg.at/projekt/4334883;;;;;;
4805455;point;climate;HOPE;Technische Universität Wien;Wien;Wien;48,1857;16,4222;https://projekte.ffg.at/projekt/4805455;;;;;;
4762145;point;cities;PersonAl;Technische Universität Wien;Wien;Wien;48,1857;16,4222;https://projekte.ffg.at/projekt/4762145;;;;;;
4805448;point;climate;Transformer;Technische Universität Wien;Wien;Wien;48,1857;16,4222;https://projekte.ffg.at/projekt/4805448;;;;;;
5131275;point;cities;SELF2B;Technische Universität Wien;Wien;Wien;48,1857;16,4222;https://projekte.ffg.at/projekt/5131275;;;;;;
5129259;point;cities;MobInFact;Technische Universität Wien;Wien;Wien;48,1857;16,4222;https://projekte.ffg.at/projekt/5129259;;;;;;
5129263;point;cities;CoCoNet;Technische Universität Wien;Wien;Wien;48,1857;16,4222;https://projekte.ffg.at/projekt/5129263;;;;;;
5134341;point;cities;TOPS;Technische Universität Wien;Wien;Wien;48,1857;16,4222;https://projekte.ffg.at/projekt/5134341;;;;;;
5134259;point;cities;CSR:H;Digital Findet Stadt GmbH;Wien;Wien;48,1857;16,4222;https://projekte.ffg.at/projekt/5134259;;;;;;
5134326;point;cities;BOSS;Technische Universität Wien;Wien;Wien;48,1857;16,4222;https://projekte.ffg.at/projekt/5134326;;;;;;
4443978;point;climate;Policy-Lab.at;UIV Urban Innovation Vienna GmbH;Wien;Wien;48,1857;16,4222;https://projekte.ffg.at/projekt/4443978;;;;;;
101131793;point;waters;RISEnergy;AIT AUSTRIAN INSTITUTE OF TECHNOLOGY GMBH;Wien;Wien;48,1857;16,4222;http://cordis.europa.eu/project/id/101131793;;40072044;;;;
4211496;point;cities;AML;Technische Universität Wien;Wien;Wien;48,1857;16,4222;https://projekte.ffg.at/projekt/4211496;;;;;;
4316936;point;cities;OPUSH;Technische Universität Wien;Wien;Wien;48,1857;16,4222;https://projekte.ffg.at/projekt/4316936;;;;;;
5134280;point;cities;BIM.sustAIn;Digital Findet Stadt GmbH;Wien;Wien;48,1857;16,4222;https://projekte.ffg.at/projekt/5134280;;;;;;
4338272;point;climate;Innovationswerkstatt;Technische Universität Wien;Wien;Wien;48,1857;16,4222;https://projekte.ffg.at/projekt/4338272;;;;;;
4340599;point;cities;Stadtkern_PLUS;Technische Universität Wien;Wien;Wien;48,1857;16,4222;https://projekte.ffg.at/projekt/4340599;;;;;;
4123865;point;cities;ZQ3Demo;UIV Urban Innovation Vienna GmbH;Wien;Wien;48,1857;16,4222;https://projekte.ffg.at/projekt/4123865;;;;;;
4869279;point;cities;EMC2;Technische Universität Wien;Wien;Wien;48,1857;16,4222;https://projekte.ffg.at/projekt/4869279;;;;;;
4869292;point;cities;InPUT;Technische Universität Wien;Wien;Wien;48,1857;16,4222;https://projekte.ffg.at/projekt/4869292;;;;;;
900009;point;waters;RadoNorm;AGES - OSTERREICHISCHE AGENTUR FUR GESUNDHEIT UND ERNAHRUNGSSICHERHEIT GMBH;Wien;Wien;48,1857;16,4222;http://cordis.europa.eu/project/id/900009;;40064625;;;;
4346176;point;cities;Holzbau & Entwerfen;Technische Universität Wien;Wien;Wien;48,1857;16,4222;https://projekte.ffg.at/projekt/4346176;;;;;;
101119714;point;waters;dAIry 4.0;TECHNISCHE UNIVERSITAET WIEN;Wien;Wien;48,1857;16,4222;http://cordis.europa.eu/project/id/101119714;;39896875;;;;
4653789;point;cities;StreetForum;Technische Universität Wien;Wien;Wien;48,1857;16,4222;https://projekte.ffg.at/projekt/4653789;;;;;;
4459628;point;cities;DigitalTwin4PEDs;e7 GmbH;Wien;Wien;48,1857;16,4222;https://projekte.ffg.at/projekt/4459628;;;;;;
4209750;point;climate;CAREup;EURAG Österreich - Verein der Freunde des Bundes für die ältere Generation Europas;Wien;Wien;48,1857;16,4222;https://projekte.ffg.at/projekt/4209750;;;;;;
4875817;point;climate;KlipPer;Universität Wien;Wien;Wien;48,1857;16,4222;https://projekte.ffg.at/projekt/4875817;;;;;;
4316928;point;climate;CO-HOPE;Temel Robert Michael Mag.;Wien;Wien;48,1857;16,4222;https://projekte.ffg.at/projekt/4316928;;;;;;
4211483;point;cities;thinkport 2021+;Universität für Bodenkultur Wien;Wien;Wien;48,1857;16,4222;https://projekte.ffg.at/projekt/4211483;;;;;;
4316932;point;cities;TRUSTMAKING;Universität für angewandte Kunst Wien;Wien;Wien;48,1857;16,4222;https://projekte.ffg.at/projekt/4316932;;;;;;
4316934;point;cities;MUNEX;Universität Wien;Wien;Wien;48,1857;16,4222;https://projekte.ffg.at/projekt/4316934;;;;;;
5132781;point;cities;Potenzial Bestand;projektstudio zt gmbh;Wien;Wien;48,1857;16,4222;https://projekte.ffg.at/projekt/5132781;;;;;;
4316926;point;cities;ILIT;Universität Wien;Wien;Wien;48,1857;16,4222;https://projekte.ffg.at/projekt/4316926;;;;;;
4869320;point;cities;PED StepWise;e7 GmbH;Wien;Wien;48,1857;16,4222;https://projekte.ffg.at/projekt/4869320;;;;;;
4869328;point;climate;InclusiveCity;superwien urbanism zt gmbh;Wien;Wien;48,1857;16,4222;https://projekte.ffg.at/projekt/4869328;;;;;;
4933985;point;cities;RE-FORM earth;IBO - Österreichisches Institut für Bauen und Ökologie GmbH;Wien;Wien;48,1857;16,4222;https://projekte.ffg.at/projekt/4933985;;;;;;
5121931;point;climate;Antisemitismus CMS;Institut für Konfliktforschung;Wien;Wien;48,1857;16,4222;https://projekte.ffg.at/projekt/5121931;;;;;;
4822672;point;cities;RapidREC;IntelliEdge GmbH;Wien;Wien;48,1857;16,4222;https://projekte.ffg.at/projekt/4822672;;;;;;
4014615;point;cities;Niklas goes Nature;Wörtl - Gößler Jutta Mag.;Wien;Wien;48,1857;16,4222;https://projekte.ffg.at/projekt/4014615;;;;;;
4847522;point;climate;KuG_LP;ÖSB Consulting GmbH;Wien;Wien;48,1857;16,4222;https://projekte.ffg.at/projekt/4847522;;;;;;
4861608;point;cancer;PALINDROM trial;invIOs GmbH;Wien;Wien;48,1857;16,4222;https://projekte.ffg.at/projekt/4861608;;;;;;
4869318;point;cities;ENERGY4ALL;Eutropian GmbH;Wien;Wien;48,1857;16,4222;https://projekte.ffg.at/projekt/4869318;;;;;;
4856653;point;cancer;ComMEATted;Universität Wien;Wien;Wien;48,1857;16,4222;https://projekte.ffg.at/projekt/4856653;;;;;;
4227290;point;climate;ESSBAR;Rhomberg Bau Wien GmbH;Wien;Wien;48,1857;16,4222;https://projekte.ffg.at/projekt/4227290;;;;;;
4424955;point;cities;HEDWIG;Universität für Bodenkultur Wien;Wien;Wien;48,1857;16,4222;https://projekte.ffg.at/projekt/4424955;;;;;;
LIFE22-CET-EPBD.wise/101120194;point;cities;LIFE22-CET-EPBD.wise;TECHNISCHE UNIVERSITAET WIEN;Wien;Wien;48,1857;16,4222;https://webgate.ec.europa.eu/life/publicWebsite/project/LIFE22-CET-EPBD.wise-101120194/effective-implementation-of-the-epbd-in-line-with-short-term-and-long-term-policy-requirements;;1999308;;;;
101056804;point;waters;REWET;UNIVERSITAET FUER BODENKULTUR WIEN;Wien;Wien;48,1857;16,4222;http://cordis.europa.eu/project/id/101056804;;398125;;;;
101178320;point;waters;METEOR;SYNYO GmbH;Wien;Wien;48,1857;16,4222;http://cordis.europa.eu/project/id/101178320;;398125;;;;
LIFE19 CCA/AT/001329;point;climate;LIFE EnCAM;Stadt Wien | Wiener Gewsser;Wien;Wien;48,1857;16,4222;https://webgate.ec.europa.eu/life/publicWebsite/project/LIFE19-CCA-AT-001329/adapting-large-scale-environmental-projects-to-climate-change-while-supporting-climate-objectives;public awareness campaign | urban area | urban planning | public procurement | transport planning | flood protection | climate action plan | climate change adaptation | climate resilience | urban heat island;1240975;;;;
LIFE21-CET-LOCAL-PLENTY-LIFE/101081061;point;cities;LIFE21-CET-LOCAL-PLENTY-LIFE;UNIVERSITAET FUER BODENKULTUR WIEN;Wien;Wien;48,1857;16,4222;https://webgate.ec.europa.eu/life/publicWebsite/project/LIFE21-CET-LOCAL-PLENTY-LIFE-101081061/institutionalised-cross-sector-planning-and-dedicated-capacity-building-to-enable-small-and-medium-sized-municipalities-to-develop-and-monitor-sustainable-strategies-for-the-transition-to-clean-energy;;1745822;;;;
LIFE24-CET-LEVERAGE/101215954;point;cities;LIFE24-CET-LEVERAGE;E7 GMBH;Wien;Wien;48,1857;16,4222;https://webgate.ec.europa.eu/life/publicWebsite/project/LIFE24-CET-LEVERAGE-101215954/accelerating-capital-intensive-energy-efficiency-and-decarbonisation-investments-in-the-public-sector-by-mobilising-private-funds;;1835094;;;;
LIFE24-CET-HeaTogether/101216073;point;cities;LIFE24-CET-HeaTogether;E7 GMBH;Wien;Wien;48,1857;16,4222;https://webgate.ec.europa.eu/life/publicWebsite/project/LIFE24-CET-HeaTogether-101216073/low-temperature-and-renewable-neighbourhood-heating-and-cooling-networks-technical-solutions-investment-plans-and-business-models-for-local-approaches-to-decarbonise-heat-supply-of-existing-building;;1402858;;;;
LIFE24-CET-HQHeatpumpServices/101215611;point;cities;LIFE24-CET-HQHeatpumpServices;öSTERREICHISCHE ENERGIEAGENTUR - AUSTRIAN ENERGY AGENCY;Wien;Wien;48,1857;16,4222;https://webgate.ec.europa.eu/life/publicWebsite/project/LIFE24-CET-HQHeatpumpServices-101215611/boosting-high-quality-heat-pump-systems-in-residential-and-office-buildings-with-contracting-services;;1742956;;;;
786773;point;climate;PEN-CP;BUNDESMINISTERIUM FUR FINANZEN;Wien;Wien;48,1857;16,4222;http://cordis.europa.eu/project/id/786773;;271875;;;;
801954;point;soil;PhytoTrace;TECHNISCHE UNIVERSITAET WIEN;Wien;Wien;48,1857;16,4222;http://cordis.europa.eu/project/id/801954;;213790;;;;
815568;point;cancer;SHIGETECVAX;EVELIQURE BIOTECHNOLOGIES GMBH;Wien;Wien;48,1857;16,4222;http://cordis.europa.eu/project/id/815568;;71777166;;;;
819446;point;soil;SomSOM;UNIVERSITAT WIEN;Wien;Wien;48,1857;16,4222;http://cordis.europa.eu/project/id/819446;;1896129;;;;
821283;point;cancer;TransBioLine;TAMIRNA GMBH;Wien;Wien;48,1857;16,4222;http://cordis.europa.eu/project/id/821283;;133797313;;;;
821511;point;cancer;BIOMAP;AIT AUSTRIAN INSTITUTE OF TECHNOLOGY GMBH;Wien;Wien;48,1857;16,4222;http://cordis.europa.eu/project/id/821511;;46671125;;;;
848228;point;cancer;DISCOvERIE;EMERGENTEC BIODEVELOPMENT GMBH;Wien;Wien;48,1857;16,4222;http://cordis.europa.eu/project/id/848228;;268250;;;;
853903;point;cancer;RespiriTB;MEDIZINISCHE UNIVERSITAET WIEN;Wien;Wien;48,1857;16,4222;http://cordis.europa.eu/project/id/853903;;104643933;;;;
853932;point;cancer;RespiriNTM;MEDIZINISCHE UNIVERSITAET WIEN;Wien;Wien;48,1857;16,4222;http://cordis.europa.eu/project/id/853932;;16178825;;;;
855741;point;cancer;DDREAMM;CEMM - FORSCHUNGSZENTRUM FUER MOLEKULARE MEDIZIN GMBH;Wien;Wien;48,1857;16,4222;http://cordis.europa.eu/project/id/855741;;0;;;;
856529;point;cancer;KILL-OR-DIFFERENTIAT;MEDIZINISCHE UNIVERSITAET WIEN;Wien;Wien;48,1857;16,4222;http://cordis.europa.eu/project/id/856529;;316664263;;;;
860185;point;cancer;PHAST;MEDIZINISCHE UNIVERSITAET WIEN;Wien;Wien;48,1857;16,4222;http://cordis.europa.eu/project/id/860185;;26420724;;;;
861924;point;soil;SustInAfrica;UNIVERSITAET FUER BODENKULTUR WIEN;Wien;Wien;48,1857;16,4222;http://cordis.europa.eu/project/id/861924;;55629375;;;;
862221;point;soil;FORGENIUS;BUNDESFORSCHUNGS UND AUSBILDUNGSZENTRUM FUR WALD NATURGEFAHREN UND LANDSCHAFT;Wien;Wien;48,1857;16,4222;http://cordis.europa.eu/project/id/862221;;239825;;;;
862357;point;climate;MIXED;UNIVERSITAET FUER BODENKULTUR WIEN;Wien;Wien;48,1857;16,4222;http://cordis.europa.eu/project/id/862357;;241425;;;;
862480;point;soil;SHOWCASE;UNIVERSITAET FUER BODENKULTUR WIEN;Wien;Wien;48,1857;16,4222;http://cordis.europa.eu/project/id/862480;;68893625;;;;
862524;point;climate;UNTWIST;AIT AUSTRIAN INSTITUTE OF TECHNOLOGY GMBH;Wien;Wien;48,1857;16,4222;http://cordis.europa.eu/project/id/862524;;98292625;;;;
862695;point;soil;EJP SOIL;AGES - OSTERREICHISCHE AGENTUR FUR GESUNDHEIT UND ERNAHRUNGSSICHERHEIT GMBH;Wien;Wien;48,1857;16,4222;http://cordis.europa.eu/project/id/862695;;1148500;;;;
864400;point;cities;POCITYF;AIT AUSTRIAN INSTITUTE OF TECHNOLOGY GMBH;Wien;Wien;48,1857;16,4222;http://cordis.europa.eu/project/id/864400;;428125;;;;
869237;point;climate;BiodivClim;FONDS ZUR FÖRDERUNG DER WISSENSCHAFTLICHEN FORSCHUNG;Wien;Wien;48,1857;16,4222;http://cordis.europa.eu/project/id/869237;;475893;;;;
869448;point;cities;EuPOLIS;VERTICAL FARM INSTITUTE;Wien;Wien;48,1857;16,4222;http://cordis.europa.eu/project/id/869448;;0;;;;
871126;point;climate;eLTER PPP;UMWELTBUNDESAMT GESELLSCHAFT MIT BESCHRANKTER HAFTUNG (UBA GMBH);Wien;Wien;48,1857;16,4222;http://cordis.europa.eu/project/id/871126;;5080525;;;;
873119;point;climate;PRODIGEES;OESTERREICHISCHE AKADEMIE DER WISSENSCHAFTEN;Wien;Wien;48,1857;16,4222;http://cordis.europa.eu/project/id/873119;;41400;;;;
875022;point;cities;EN-UAC;BUNDESMINISTERIUM FUER INNOVATION | MOBILITAET UND INFRASTRUKTUR;Wien;Wien;48,1857;16,4222;http://cordis.europa.eu/project/id/875022;;108750;;;;
101169541;point;waters;NEUTEN;BIOFACTION KG;Wien;Wien;48,1857;16,4222;http://cordis.europa.eu/project/id/101169541;;3861874286;;;;
899999;point;cancer;PanCareSurPass;AIT AUSTRIAN INSTITUTE OF TECHNOLOGY GMBH;Wien;Wien;48,1857;16,4222;http://cordis.europa.eu/project/id/899999;;116250;;;;
101036337;point;waters;MERLIN;SCHNEE AUF MOSS WERBEAGENTUR GMBH;Wien;Wien;48,1857;16,4222;http://cordis.europa.eu/project/id/101036337;;378050;;;;
945097;point;climate;WELLBASED;ASSOCIATION FOR SUSTAINABLE INNOVATIVE DEVELOPMENTS IN ECONOMICS ENVIRONMENT AND SOCIETY;Wien;Wien;48,1857;16,4222;http://cordis.europa.eu/project/id/945097;;307500;;;;
945345;point;cancer;H2O;MEDIZINISCHE UNIVERSITAET WIEN;Wien;Wien;48,1857;16,4222;http://cordis.europa.eu/project/id/945345;;236462374;;;;
945393;point;cancer;T2EVOLVE;MEDIZINISCHE UNIVERSITAET WIEN;Wien;Wien;48,1857;16,4222;http://cordis.europa.eu/project/id/945393;;54691125;;;;
952159;point;cancer;ProCAncer-I;UNIVERSITAT WIEN;Wien;Wien;48,1857;16,4222;http://cordis.europa.eu/project/id/952159;;288800;;;;
952172;point;cancer;CHAIMELEON;EIBIR GEMEINNUTZIGE GMBH ZUR FORDERUNG DER ERFORSCHUNG DER BIOMEDIZINISCHEN BILDGEBUNG;Wien;Wien;48,1857;16,4222;http://cordis.europa.eu/project/id/952172;;263750;;;;
953193;point;cities;METABUILDING LABS;AIT AUSTRIAN INSTITUTE OF TECHNOLOGY GMBH;Wien;Wien;48,1857;16,4222;http://cordis.europa.eu/project/id/953193;;328750;;;;
101082311;point;waters;SDGs-EYES;SISTEMA GMBH;Wien;Wien;48,1857;16,4222;http://cordis.europa.eu/project/id/101082311;;371250;;;;
953234;point;cancer;Tumor-LN-oC;TECHNISCHE UNIVERSITAET WIEN;Wien;Wien;48,1857;16,4222;http://cordis.europa.eu/project/id/953234;;57812125;;;;
955951;point;cancer;Evomet;BOEHRINGER INGELHEIM RCV GMBH & CO KG;Wien;Wien;48,1857;16,4222;http://cordis.europa.eu/project/id/955951;;26420724;;;;
956810;point;cancer;ROPES;MEDIZINISCHE UNIVERSITAET WIEN;Wien;Wien;48,1857;16,4222;http://cordis.europa.eu/project/id/956810;;26420724;;;;
964264;point;cancer;TRANSCAN-3;FONDS ZUR FÖRDERUNG DER WISSENSCHAFTLICHEN FORSCHUNG;Wien;Wien;48,1857;16,4222;http://cordis.europa.eu/project/id/964264;;1375280;;;;
964414;point;cities;ECOLOPES;TECHNISCHE UNIVERSITAET WIEN;Wien;Wien;48,1857;16,4222;http://cordis.europa.eu/project/id/964414;;522305;;;;
964908;point;cancer;ERICA;ST ANNA KINDERKREBSFORSCHUNG VEREIN;Wien;Wien;48,1857;16,4222;http://cordis.europa.eu/project/id/964908;;0;;;;
965367;point;soil;PlasticsFatE;UNIVERSITAET FUER BODENKULTUR WIEN;Wien;Wien;48,1857;16,4222;http://cordis.europa.eu/project/id/965367;;16982716;;;;
101070279;point;waters;MobiSpaces;AIT AUSTRIAN INSTITUTE OF TECHNOLOGY GMBH;Wien;Wien;48,1857;16,4222;http://cordis.europa.eu/project/id/101070279;;365750;;;;
101000224;point;soil;TUdi;UNIVERSITAET FUER BODENKULTUR WIEN;Wien;Wien;48,1857;16,4222;http://cordis.europa.eu/project/id/101000224;;6659825;;;;
101000371;point;soil;SOILGUARD;AIT AUSTRIAN INSTITUTE OF TECHNOLOGY GMBH;Wien;Wien;48,1857;16,4222;http://cordis.europa.eu/project/id/101000371;;29088625;;;;
101000407;point;soil;MINAGRIS;AGES - OSTERREICHISCHE AGENTUR FUR GESUNDHEIT UND ERNAHRUNGSSICHERHEIT GMBH;Wien;Wien;48,1857;16,4222;http://cordis.europa.eu/project/id/101000407;;2684375;;;;
101000441;point;climate;VIVALDI;UNIVERSITAET FUER BODENKULTUR WIEN;Wien;Wien;48,1857;16,4222;http://cordis.europa.eu/project/id/101000441;;69902625;;;;
101000570;point;climate;VIRTIGATION;RTDS - VEREIN ZUR FORDERUNG DER KOMMUNIKATION UND VERMITTLUNG VON FORSCHUNG | TECHNOLOGIE UND INNOVATION (RTDS VEREIN | ENGL. RTDS ASSOCIATION);Wien;Wien;48,1857;16,4222;http://cordis.europa.eu/project/id/101000570;;415900;;;;
101112752;point;waters;EFFECTIVE;SPOTTERON GMBH;Wien;Wien;48,1857;16,4222;http://cordis.europa.eu/project/id/101112752;;3621875;;;;
101000847;point;climate;CROPDIVA;UNIVERSITAET FUER BODENKULTUR WIEN;Wien;Wien;48,1857;16,4222;http://cordis.europa.eu/project/id/101000847;;158125;;;;
101001971;point;cancer;EPI-CART;CEMM - FORSCHUNGSZENTRUM FUER MOLEKULARE MEDIZIN GMBH;Wien;Wien;48,1857;16,4222;http://cordis.europa.eu/project/id/101001971;;1999913;;;;
101003527;point;climate;MULTISOURCE;ALCHEMIA-NOVA GMBH;Wien;Wien;48,1857;16,4222;http://cordis.europa.eu/project/id/101003527;;16382618;;;;
101003758;point;cities;ENUTC;OSTERREICHISCHE FORSCHUNGSFORDERUNGSGESELLSCHAFT MBH;Wien;Wien;48,1857;16,4222;http://cordis.europa.eu/project/id/101003758;;3166325;;;;
101182813;point;waters;Infoodmation;ZENTRUM FUR SOZIALE INNOVATION GMBH;Wien;Wien;48,1857;16,4222;http://cordis.europa.eu/project/id/101182813;;3486875;;;;
101003818;point;soil;Upsurge;UNIVERSITAET FUER BODENKULTUR WIEN;Wien;Wien;48,1857;16,4222;http://cordis.europa.eu/project/id/101003818;;394500;;;;
101004509;point;climate;CHANSE;FONDS ZUR FÖRDERUNG DER WISSENSCHAFTLICHEN FORSCHUNG;Wien;Wien;48,1857;16,4222;http://cordis.europa.eu/project/id/101004509;;777637;;;;
101057693;point;waters;K-HEALTHinAIR;MEDIZINISCHE UNIVERSITAET WIEN;Wien;Wien;48,1857;16,4222;http://cordis.europa.eu/project/id/101057693;;348250;;;;
101007934;point;cancer;diaRNAgnosis;DATAMEDRIX GMBH;Wien;Wien;48,1857;16,4222;http://cordis.europa.eu/project/id/101007934;;18400;;;;
101008186;point;cities;CONSIDER;CEU GMBH;Wien;Wien;48,1857;16,4222;http://cordis.europa.eu/project/id/101008186;;0;;;;
101008589;point;climate;COORDINATE;EUROPAISCHES ZENTRUM FUR WOHLFAHRTSPOLITIK UND SOZIALFORSCHUNG;Wien;Wien;48,1857;16,4222;http://cordis.europa.eu/project/id/101008589;;1976875;;;;
101015736;point;cancer;EU-RESPONSE;ARBEITSGEMEINSCHAFT MEDIKAMENTOSE TUMORTHERAPIE GEMEINNUTZIGE GMBH;Wien;Wien;48,1857;16,4222;http://cordis.europa.eu/project/id/101015736;;32125;;;;
101016964;point;cancer;REAP;AIT AUSTRIAN INSTITUTE OF TECHNOLOGY GMBH;Wien;Wien;48,1857;16,4222;http://cordis.europa.eu/project/id/101016964;;115798375;;;;
101017453;point;cancer;KATY;UNIVERSITAT WIEN;Wien;Wien;48,1857;16,4222;http://cordis.europa.eu/project/id/101017453;;29993125;;;;
101021669;point;climate;CYCLOPES;AUSTRIAN STANDARDS INTERNATIONAL -STANDARDISIERUNG UND INNOVATION;Wien;Wien;48,1857;16,4222;http://cordis.europa.eu/project/id/101021669;;239730;;;;
101021797;point;climate;STARLIGHT;AIT AUSTRIAN INSTITUTE OF TECHNOLOGY GMBH;Wien;Wien;48,1857;16,4222;http://cordis.europa.eu/project/id/101021797;;53318875;;;;
101034347;point;cancer;OPTIMA;UNIVERSITAT WIEN;Wien;Wien;48,1857;16,4222;http://cordis.europa.eu/project/id/101034347;;533130;;;;
101034427;point;cancer;SCREEN4CARE;LUDWIG BOLTZMANN GESELLSCHAFT OSTERREICHISCHE VEREINIGUNG ZUR FORDERUNG DER WISSENSCHAFTLICHEN FORSCHUNG;Wien;Wien;48,1857;16,4222;http://cordis.europa.eu/project/id/101034427;;203040;;;;
101234779;point;waters;BIOMAPE;AGCS GAS CLEARING AND SETTLEMENT AG;Wien;Wien;48,1857;16,4222;http://cordis.europa.eu/project/id/101234779;;344475;;;;
101036449;point;soil;PROMISCES;TECHNISCHE UNIVERSITAET WIEN;Wien;Wien;48,1857;16,4222;http://cordis.europa.eu/project/id/101036449;;53785375;;;;
101036458;point;climate;LOCALISED;OSTERREICHISCHE GESELLSCHAFT FUR UMWELT UND TECHNIK;Wien;Wien;48,1857;16,4222;http://cordis.europa.eu/project/id/101036458;;480875;;;;
101059523;point;waters;REACT;OIKOPLUS GMBH;Wien;Wien;48,1857;16,4222;http://cordis.europa.eu/project/id/101059523;;3344775;;;;
101036504;point;climate;ACCTING;ZENTRUM FUR SOZIALE INNOVATION GMBH;Wien;Wien;48,1857;16,4222;http://cordis.europa.eu/project/id/101036504;;29634375;;;;
101036519;point;cities;NetZeroCities;AIT AUSTRIAN INSTITUTE OF TECHNOLOGY GMBH;Wien;Wien;48,1857;16,4222;http://cordis.europa.eu/project/id/101036519;;51015625;;;;
101036560;point;climate;REGILIENCE;FRESH-THOUGHTS CONSULTING GMBH;Wien;Wien;48,1857;16,4222;http://cordis.europa.eu/project/id/101036560;;401250;;;;
101036702;point;cancer;LIFESAVER;EVERCYTE GMBH;Wien;Wien;48,1857;16,4222;http://cordis.europa.eu/project/id/101036702;;4278625;;;;
101092749;point;waters;CREXDATA;DISASTER COMPETENCE NETWORK AUSTRIA;Wien;Wien;48,1857;16,4222;http://cordis.europa.eu/project/id/101092749;;33299375;;;;
101036763;point;climate;SchoolFood4Change;DANACHDA - BILDUNG FUR NACHHALTIGKEIT;Wien;Wien;48,1857;16,4222;http://cordis.europa.eu/project/id/101036763;;25890625;;;;
101036849;point;climate;SUPERB;BUNDESFORSCHUNGS UND AUSBILDUNGSZENTRUM FUR WALD NATURGEFAHREN UND LANDSCHAFT;Wien;Wien;48,1857;16,4222;http://cordis.europa.eu/project/id/101036849;;608750;;;;
101036871;point;climate;OLGA;AIT AUSTRIAN INSTITUTE OF TECHNOLOGY GMBH;Wien;Wien;48,1857;16,4222;http://cordis.europa.eu/project/id/101036871;;2507775;;;;
101037071;point;climate;REAL DEAL;CEU GMBH;Wien;Wien;48,1857;16,4222;http://cordis.europa.eu/project/id/101037071;;10789361;;;;
101037867;point;cancer;VACCELERATE;MEDIZINISCHE UNIVERSITAET WIEN;Wien;Wien;48,1857;16,4222;http://cordis.europa.eu/project/id/101037867;;34769875;;;;
101048703;point;climate;CA EED3;ENERGIE-CONTROL AUSTRIA FUR DIE REGULIERUNG DER ELEKTRIZITATS- UND ERDGASWIRTSCHAFT (E-CONTROL);Wien;Wien;48,1857;16,4222;http://cordis.europa.eu/project/id/101048703;;2614875;;;;
101043321;point;cancer;EXPOMET;UNIVERSITAT WIEN;Wien;Wien;48,1857;16,4222;http://cordis.europa.eu/project/id/101043321;;2937489;;;;
101045956;point;cancer;COVend;F4-PHARMA GES M B H;Wien;Wien;48,1857;16,4222;http://cordis.europa.eu/project/id/101045956;;2757400;;;;
101046298;point;climate;ACCESS2EIC;OSTERREICHISCHE FORSCHUNGSFORDERUNGSGESELLSCHAFT MBH;Wien;Wien;48,1857;16,4222;http://cordis.europa.eu/project/id/101046298;;70503483;;;;
101094434;point;waters;AquaINFRA;UNIVERSITAET FUER BODENKULTUR WIEN;Wien;Wien;48,1857;16,4222;http://cordis.europa.eu/project/id/101094434;;328750;;;;
101055476;point;climate;InnovativeSMEs;OSTERREICHISCHE FORSCHUNGSFORDERUNGSGESELLSCHAFT MBH;Wien;Wien;48,1857;16,4222;http://cordis.europa.eu/project/id/101055476;;16333331;;;;
101056773;point;cities;Reincarnate;AUSTRIAN STANDARDS INTERNATIONAL -STANDARDISIERUNG UND INNOVATION;Wien;Wien;48,1857;16,4222;http://cordis.europa.eu/project/id/101056773;;328875;;;;
101135035;point;waters;eNaBlS;3S UNTERNEHMENSBERATUNG GMBH;Wien;Wien;48,1857;16,4222;http://cordis.europa.eu/project/id/101135035;;3116071429;;;;
101056858;point;climate;NEVERMORE;ZENTRUM FUR SOZIALE INNOVATION GMBH;Wien;Wien;48,1857;16,4222;http://cordis.europa.eu/project/id/101056858;;552750;;;;
101056883;point;climate;INCHILDHEALTH;AIT AUSTRIAN INSTITUTE OF TECHNOLOGY GMBH;Wien;Wien;48,1857;16,4222;http://cordis.europa.eu/project/id/101056883;;910141;;;;
101056907;point;soil;PathFinder;BUNDESFORSCHUNGS UND AUSBILDUNGSZENTRUM FUR WALD NATURGEFAHREN UND LANDSCHAFT;Wien;Wien;48,1857;16,4222;http://cordis.europa.eu/project/id/101056907;;503095;;;;
101056920;point;climate;MAGICA;Climate Change Centre Austria;Wien;Wien;48,1857;16,4222;http://cordis.europa.eu/project/id/101056920;;0;;;;
101056933;point;climate;Climateurope2;WEBLYZARD TECHNOLOGY GMBH;Wien;Wien;48,1857;16,4222;http://cordis.europa.eu/project/id/101056933;;300000;;;;
101056935;point;climate;MAIA;AIT AUSTRIAN INSTITUTE OF TECHNOLOGY GMBH;Wien;Wien;48,1857;16,4222;http://cordis.europa.eu/project/id/101056935;;487256;;;;
101180559;point;waters;OneSTOP;UNIVERSITAT WIEN;Wien;Wien;48,1857;16,4222;http://cordis.europa.eu/project/id/101180559;;31133625;;;;
101057091;point;cancer;ODELIA;EIBIR GEMEINNUTZIGE GMBH ZUR FORDERUNG DER ERFORSCHUNG DER BIOMEDIZINISCHEN BILDGEBUNG;Wien;Wien;48,1857;16,4222;http://cordis.europa.eu/project/id/101057091;;7196245;;;;
101057438;point;cancer;geneTIGA;Europaischer Nierenpatientenverband;Wien;Wien;48,1857;16,4222;http://cordis.europa.eu/project/id/101057438;;3990875;;;;
101057690;point;climate;CLIMOS;MEDIZINISCHE UNIVERSITAET WIEN;Wien;Wien;48,1857;16,4222;http://cordis.europa.eu/project/id/101057690;;3784375;;;;
101112409;point;waters;MixMatters;UNIVERSITAET FUER BODENKULTUR WIEN;Wien;Wien;48,1857;16,4222;http://cordis.europa.eu/project/id/101112409;;3028625;;;;
101057699;point;cancer;RadioVal;EIBIR GEMEINNUTZIGE GMBH ZUR FORDERUNG DER ERFORSCHUNG DER BIOMEDIZINISCHEN BILDGEBUNG;Wien;Wien;48,1857;16,4222;http://cordis.europa.eu/project/id/101057699;;271875;;;;
101057795;point;cancer;BE READY;AGES - OSTERREICHISCHE AGENTUR FUR GESUNDHEIT UND ERNAHRUNGSSICHERHEIT GMBH;Wien;Wien;48,1857;16,4222;http://cordis.europa.eu/project/id/101057795;;52250;;;;
101058020;point;soil;AgroServ;VIENNA BIOCENTER CORE FACILITES GMBH;Wien;Wien;48,1857;16,4222;http://cordis.europa.eu/project/id/101058020;;10698139;;;;
101058509;point;climate;ECS;ZENTRUM FUR SOZIALE INNOVATION GMBH;Wien;Wien;48,1857;16,4222;http://cordis.europa.eu/project/id/101058509;;357500;;;;
101058527;point;climate;Skills4EOSC;NATURHISTORISCHES MUSEUM;Wien;Wien;48,1857;16,4222;http://cordis.europa.eu/project/id/101058527;;1408125;;;;
101059260;point;soil;MIBIREM;AIT AUSTRIAN INSTITUTE OF TECHNOLOGY GMBH;Wien;Wien;48,1857;16,4222;http://cordis.europa.eu/project/id/101059260;;707037;;;;
101059369;point;cancer;TWINNIBS;ZENTRUM FUR SOZIALE INNOVATION GMBH;Wien;Wien;48,1857;16,4222;http://cordis.europa.eu/project/id/101059369;;167875;;;;
101059497;point;climate;FOODPathS;ISEKI-FOOD - EUROPAISCHE GESELLSCHAFT FUR DIE INTEGRATION DER LEBENSMITTELWISSINSCHAFT UND -TECHNOLGIE IN DIE LEBENSMITTELVERSORGUNGSKETTE;Wien;Wien;48,1857;16,4222;http://cordis.europa.eu/project/id/101059497;;279375;;;;
862665;point;waters;ICT-AGRI-FOOD;BUNDESMINISTERIUM FUR LAND- UND FORSTWIRTSCHAFT | KLIMA- UND UMWELTSCHUTZ | REGIONEN UND WASSERWIRTSCHAFT;Wien;Wien;48,1857;16,4222;http://cordis.europa.eu/project/id/862665;;28796875;;;;
101059546;point;soil;TwinSubDyn;UNIVERSITAT WIEN;Wien;Wien;48,1857;16,4222;http://cordis.europa.eu/project/id/101059546;;29996875;;;;
101059609;point;climate;Re-Livestock;UNIVERSITAET FUER BODENKULTUR WIEN;Wien;Wien;48,1857;16,4222;http://cordis.europa.eu/project/id/101059609;;290000;;;;
101059639;point;climate;WHITECYCLE;IPOINT-AUSTRIA GMBH;Wien;Wien;48,1857;16,4222;http://cordis.europa.eu/project/id/101059639;;29960358;;;;
101059813;point;climate;HOLiFOOD;UNIVERSITAT WIEN;Wien;Wien;48,1857;16,4222;http://cordis.europa.eu/project/id/101059813;;273650;;;;
101059907;point;climate;MSCAdvocacy;ZENTRUM FUR SOZIALE INNOVATION GMBH;Wien;Wien;48,1857;16,4222;http://cordis.europa.eu/project/id/101059907;;349375;;;;
101059911;point;climate;EU4Advice;ISEKI-FOOD - EUROPAISCHE GESELLSCHAFT FUR DIE INTEGRATION DER LEBENSMITTELWISSINSCHAFT UND -TECHNOLGIE IN DIE LEBENSMITTELVERSORGUNGSKETTE;Wien;Wien;48,1857;16,4222;http://cordis.europa.eu/project/id/101059911;;273750;;;;
101157886;point;waters;ProCleanLakes;ALCHEMIA-NOVA RESEARCH & INNOVATION GEMEINNUTZIGE GMBH;Wien;Wien;48,1857;16,4222;http://cordis.europa.eu/project/id/101157886;;280125;;;;
101060054;point;climate;ARCHE;BUNDESMINISTERIUM FUR BILDUNG;Wien;Wien;48,1857;16,4222;http://cordis.europa.eu/project/id/101060054;;0;;;;
101060057;point;soil;BarleyMicroBreed;UNIVERSITAET FUER BODENKULTUR WIEN;Wien;Wien;48,1857;16,4222;http://cordis.europa.eu/project/id/101060057;;120038875;;;;
101060124;point;climate;Root2Res;UNIVERSITAET FUER BODENKULTUR WIEN;Wien;Wien;48,1857;16,4222;http://cordis.europa.eu/project/id/101060124;;667125;;;;
101147904;point;waters;Bio-FlexCLC;AICHERNIG ENGINEERING GMBH;Wien;Wien;48,1857;16,4222;http://cordis.europa.eu/project/id/101147904;;262500;;;;
101084222;point;waters;WASTELESS;ISEKI-FOOD - EUROPAISCHE GESELLSCHAFT FUR DIE INTEGRATION DER LEBENSMITTELWISSINSCHAFT UND -TECHNOLGIE IN DIE LEBENSMITTELVERSORGUNGSKETTE;Wien;Wien;48,1857;16,4222;http://cordis.europa.eu/project/id/101084222;;25703125;;;;
101060294;point;climate;XGain;ZENTRUM FUR SOZIALE INNOVATION GMBH;Wien;Wien;48,1857;16,4222;http://cordis.europa.eu/project/id/101060294;;298750;;;;
101060309;point;climate;INFORMA;UNIVERSITAET FUER BODENKULTUR WIEN;Wien;Wien;48,1857;16,4222;http://cordis.europa.eu/project/id/101060309;;361230;;;;
101060382;point;climate;EU-FarmBook;PRASIDENTENKONFERENZ DER LANDWIRTSCHAFTSKAMMERN OSTERREICHS;Wien;Wien;48,1857;16,4222;http://cordis.europa.eu/project/id/101060382;;140125;;;;
101060501;point;climate;GenB;ZENTRUM FUR SOZIALE INNOVATION GMBH;Wien;Wien;48,1857;16,4222;http://cordis.europa.eu/project/id/101060501;;237250;;;;
101082021;point;waters;MARCO-BOLO;UNIVERSITAT WIEN;Wien;Wien;48,1857;16,4222;http://cordis.europa.eu/project/id/101082021;;25160625;;;;
101060558;point;climate;BIOLOC;ZENTRUM FUR SOZIALE INNOVATION GMBH;Wien;Wien;48,1857;16,4222;http://cordis.europa.eu/project/id/101060558;;228500;;;;
101135239;point;waters;BOOST-IN;FRESH-THOUGHTS CONSULTING GMBH;Wien;Wien;48,1857;16,4222;http://cordis.europa.eu/project/id/101135239;;2507143143;;;;
101060618;point;climate;RuralBioUp;ZENTRUM FUR SOZIALE INNOVATION GMBH;Wien;Wien;48,1857;16,4222;http://cordis.europa.eu/project/id/101060618;;2948125;;;;
101060789;point;climate;PATH2DEA;AIT AUSTRIAN INSTITUTE OF TECHNOLOGY GMBH;Wien;Wien;48,1857;16,4222;http://cordis.europa.eu/project/id/101060789;;42999875;;;;
101136427;point;waters;ROSETTA;UNIVERSITAT WIEN;Wien;Wien;48,1857;16,4222;http://cordis.europa.eu/project/id/101136427;;25049594;;;;
101060418;point;waters;NAPSEA;FRESH-THOUGHTS CONSULTING GMBH;Wien;Wien;48,1857;16,4222;http://cordis.europa.eu/project/id/101060418;;24921875;;;;
101060887;point;climate;FoSTA-Health;CARE OSTERREICH VEREIN FUR ENTWICKLUNGSZUSAMMENARBEIT UND HUMANITARE HILFE;Wien;Wien;48,1857;16,4222;http://cordis.europa.eu/project/id/101060887;;997175;;;;
101060905;point;climate;COREnet;HOCHSCHULE FUR AGRAR- UND UMWELTPADAGOGIK;Wien;Wien;48,1857;16,4222;http://cordis.europa.eu/project/id/101060905;;25887965;;;;
101060954;point;climate;NATURE-FIRST;SEMANTIC WEB COMPANY GMBH;Wien;Wien;48,1857;16,4222;http://cordis.europa.eu/project/id/101060954;;1778675;;;;
101060995;point;soil;IPELSEE;UNIVERSITAT WIEN;Wien;Wien;48,1857;16,4222;http://cordis.europa.eu/project/id/101060995;;19944096;;;;
101061028;point;climate;InnOBreed;UNIVERSITAET FUER BODENKULTUR WIEN;Wien;Wien;48,1857;16,4222;http://cordis.europa.eu/project/id/101061028;;156250;;;;
101061155;point;climate;CLEAR;UNIVERSITAT WIEN;Wien;Wien;48,1857;16,4222;http://cordis.europa.eu/project/id/101061155;;3310875;;;;
101061256;point;climate;CCINDLE;CEU GMBH;Wien;Wien;48,1857;16,4222;http://cordis.europa.eu/project/id/101061256;;13463596;;;;
101061388;point;climate;WeLaR;WIENER INSTITUT FUR INTERNATIONALE WIRTSCHAFTSVERGLEICHE;Wien;Wien;48,1857;16,4222;http://cordis.europa.eu/project/id/101061388;;203475;;;;
101065946;point;climate;ROC3Risks;WIRTSCHAFTSUNIVERSITAT WIEN;Wien;Wien;48,1857;16,4222;http://cordis.europa.eu/project/id/101065946;;18360096;;;;
101069506;point;cities;DUT;AUSTRIATECH - GESELLSCHAFT DES BUNDES FUR TECHNOLOGIEPOLITISCHE MASSNAHMEN GMBH;Wien;Wien;48,1857;16,4222;http://cordis.europa.eu/project/id/101069506;;11260625;;;;
101069543;point;climate;CS-AWARE-NEXT;OSTERREICHISCHE COMPUTER GESELLSCHAFT;Wien;Wien;48,1857;16,4222;http://cordis.europa.eu/project/id/101069543;;83750;;;;
101069639;point;cities;SmartLivingEPC;AUSTRIAN STANDARDS INTERNATIONAL -STANDARDISIERUNG UND INNOVATION;Wien;Wien;48,1857;16,4222;http://cordis.europa.eu/project/id/101069639;;152500;;;;
101069653;point;climate;TANDEM;UNIVERSITAET FUER BODENKULTUR WIEN;Wien;Wien;48,1857;16,4222;http://cordis.europa.eu/project/id/101069653;;6683325;;;;
101069694;point;climate;DATA CELLAR;AUSTRIACARD HOLDINGS AG;Wien;Wien;48,1857;16,4222;http://cordis.europa.eu/project/id/101069694;;0;;;;
101069717;point;climate;AUGMENTED CCAM;AIT AUSTRIAN INSTITUTE OF TECHNOLOGY GMBH;Wien;Wien;48,1857;16,4222;http://cordis.europa.eu/project/id/101069717;;373250;;;;
101069750;point;climate;CETP;BUNDESMINISTERIUM FUER INNOVATION | MOBILITAET UND INFRASTRUKTUR;Wien;Wien;48,1857;16,4222;http://cordis.europa.eu/project/id/101069750;;1452944427;;;;
101069880;point;climate;AdJUST;OSTERREICHISCHE FORSCHUNGSSTIFTUNG FUR INTERNATIONALE ENTWICKLUNG;Wien;Wien;48,1857;16,4222;http://cordis.europa.eu/project/id/101069880;;3424875;;;;
101069898;point;cities;FAME;AUSTRIATECH - GESELLSCHAFT DES BUNDES FUR TECHNOLOGIEPOLITISCHE MASSNAHMEN GMBH;Wien;Wien;48,1857;16,4222;http://cordis.europa.eu/project/id/101069898;;228125;;;;
101070052;point;climate;TANGO;AUSTRIA CARD PLASTIKKARTEN UND AUSWEISSYSTEME G.M.B.H.;Wien;Wien;48,1857;16,4222;http://cordis.europa.eu/project/id/101070052;;9789815;;;;
101071188;point;cancer;AiPSC;BIT BIO DISCOVERY GMBH;Wien;Wien;48,1857;16,4222;http://cordis.europa.eu/project/id/101071188;;203750;;;;
101071247;point;climate;Edu4ClimAte;UNIVERSITAT WIEN;Wien;Wien;48,1857;16,4222;http://cordis.europa.eu/project/id/101071247;;209855;;;;
101071977;point;climate;SPREAD2INNO;MINDS & SPARKS GMBH;Wien;Wien;48,1857;16,4222;http://cordis.europa.eu/project/id/101071977;;167500;;;;
101072073;point;climate;AccelerAction;GROW F GMBH;Wien;Wien;48,1857;16,4222;http://cordis.europa.eu/project/id/101072073;;1541964286;;;;
101072462;point;cancer;STRIKE;MEDIZINISCHE UNIVERSITAET WIEN;Wien;Wien;48,1857;16,4222;http://cordis.europa.eu/project/id/101072462;;2703312;;;;
101072598;point;cities;ActaReBuild;BUNDESMINISTERIUM FUR BILDUNG;Wien;Wien;48,1857;16,4222;http://cordis.europa.eu/project/id/101072598;;2703312;;;;
101072930;point;soil;TACsy;TECHNISCHE UNIVERSITAET WIEN;Wien;Wien;48,1857;16,4222;http://cordis.europa.eu/project/id/101072930;;3153864;;;;
101072992;point;climate;IP-PAD;GALLUP INTERNATIONAL GMBH;Wien;Wien;48,1857;16,4222;http://cordis.europa.eu/project/id/101072992;;0;;;;
101073821;point;climate;SUNRISE;AIT AUSTRIAN INSTITUTE OF TECHNOLOGY GMBH;Wien;Wien;48,1857;16,4222;http://cordis.europa.eu/project/id/101073821;;802250;;;;
101073913;point;climate;TRANSCEND;OSTERREICHISCHES ROTES KREUZ;Wien;Wien;48,1857;16,4222;http://cordis.europa.eu/project/id/101073913;;246250;;;;
101073952;point;climate;PERIVALLON;UNIVERSITAT WIEN;Wien;Wien;48,1857;16,4222;http://cordis.europa.eu/project/id/101073952;;19628125;;;;
101074008;point;climate;PANTHEON;JOHANNITER OSTERREICH AUSBILDUNG UND FORSCHUNG GEMEINNUTZIGE GMBH;Wien;Wien;48,1857;16,4222;http://cordis.europa.eu/project/id/101074008;;44675625;;;;
101074010;point;climate;IMPROVE;VICESSE RESEARCH GMBH;Wien;Wien;48,1857;16,4222;http://cordis.europa.eu/project/id/101074010;;240625;;;;
101075510;point;climate;SAPHEA;GEOSPHERE AUSTRIA - BUNDESANSTALT FUR GEOLOGIE | GEOPHYSIK | KLIMATOLOGIE UND METEOROLOGIE;Wien;Wien;48,1857;16,4222;http://cordis.europa.eu/project/id/101075510;;332375;;;;
101059915;point;waters;BIOcean5D;UNIVERSITAT WIEN;Wien;Wien;48,1857;16,4222;http://cordis.europa.eu/project/id/101059915;;23132875;;;;
101075731;point;cities;SENERGY NETS;CYBERGRID GMBH;Wien;Wien;48,1857;16,4222;http://cordis.europa.eu/project/id/101075731;;1179922;;;;
101078208;point;climate;TREE-RING GENOMICS;GREGOR MENDEL INSTITUT FUR MOLEKULARE PFLANZENBIOLOGIE GMBH;Wien;Wien;48,1857;16,4222;http://cordis.europa.eu/project/id/101078208;;1379118;;;;
101079219;point;cities;BRRIDGE;CEU GMBH;Wien;Wien;48,1857;16,4222;http://cordis.europa.eu/project/id/101079219;;408125;;;;
101079299;point;soil;ACTIONr;UNIVERSITAT WIEN;Wien;Wien;48,1857;16,4222;http://cordis.europa.eu/project/id/101079299;;426700;;;;
101079777;point;cancer;Microb-AI-ome;RESEARCH INSTITUTE AG & CO KG;Wien;Wien;48,1857;16,4222;http://cordis.europa.eu/project/id/101079777;;6313675;;;;
101079789;point;climate;EIRENE PPP;UNIVERSITAT WIEN;Wien;Wien;48,1857;16,4222;http://cordis.europa.eu/project/id/101079789;;249375;;;;
101080243;point;cancer;STRATA-FIT;MEDIZINISCHE UNIVERSITAET WIEN;Wien;Wien;48,1857;16,4222;http://cordis.europa.eu/project/id/101080243;;847775;;;;
101080302;point;cancer;AI-POD;EIBIR GEMEINNUTZIGE GMBH ZUR FORDERUNG DER ERFORSCHUNG DER BIOMEDIZINISCHEN BILDGEBUNG;Wien;Wien;48,1857;16,4222;http://cordis.europa.eu/project/id/101080302;;491875;;;;
101081307;point;climate;EUROPE-LAND;UNIVERSITAET FUER BODENKULTUR WIEN;Wien;Wien;48,1857;16,4222;http://cordis.europa.eu/project/id/101081307;;455625;;;;
101081377;point;climate;CROSSEU;UNIVERSITAET FUER BODENKULTUR WIEN;Wien;Wien;48,1857;16,4222;http://cordis.europa.eu/project/id/101081377;;4828125;;;;
101081481;point;cancer;Maxima Butterfly;INSTITUT FUER MOLEKULARE BIOTECHNOLOGIE GMBH;Wien;Wien;48,1857;16,4222;http://cordis.europa.eu/project/id/101081481;;0;;;;
101081728;point;climate;intoDBP;BADGER METER AUSTRIA GMBH;Wien;Wien;48,1857;16,4222;http://cordis.europa.eu/project/id/101081728;;34859375;;;;
101081774;point;soil;OptFORESTS;BUNDESFORSCHUNGS UND AUSBILDUNGSZENTRUM FUR WALD NATURGEFAHREN UND LANDSCHAFT;Wien;Wien;48,1857;16,4222;http://cordis.europa.eu/project/id/101081774;;580235;;;;
101081788;point;soil;EUFORE;UNIVERSITAET FUER BODENKULTUR WIEN;Wien;Wien;48,1857;16,4222;http://cordis.europa.eu/project/id/101081788;;29528125;;;;
101081802;point;climate;CONSERWA;ZENTRUM FUR SOZIALE INNOVATION GMBH;Wien;Wien;48,1857;16,4222;http://cordis.europa.eu/project/id/101081802;;210000;;;;
101060593;point;waters;BeXyl;AIT AUSTRIAN INSTITUTE OF TECHNOLOGY GMBH;Wien;Wien;48,1857;16,4222;http://cordis.europa.eu/project/id/101060593;;22050875;;;;
101081973;point;soil;IntercropValuES;UNIVERSITAET FUER BODENKULTUR WIEN;Wien;Wien;48,1857;16,4222;http://cordis.europa.eu/project/id/101081973;;2943075;;;;
101003722;point;waters;GoNEXUS;FRESH-THOUGHTS CONSULTING GMBH;Wien;Wien;48,1857;16,4222;http://cordis.europa.eu/project/id/101003722;;218750;;;;
101082081;point;climate;CircHive;RAIFFEISEN BANK INTERNATIONAL AG;Wien;Wien;48,1857;16,4222;http://cordis.europa.eu/project/id/101082081;;30724125;;;;
101082289;point;soil;LEGUMINOSE;TECHNISCHE UNIVERSITAET WIEN;Wien;Wien;48,1857;16,4222;http://cordis.europa.eu/project/id/101082289;;726250;;;;
101136149;point;waters;SEASTAR;DLA PIPER WEISS TESSBACH RECHTSANWALTE GMBH;Wien;Wien;48,1857;16,4222;http://cordis.europa.eu/project/id/101136149;;217375;;;;
101082720;point;climate;CENTAUR;HENSOLDT ANALYTICS GMBH;Wien;Wien;48,1857;16,4222;http://cordis.europa.eu/project/id/101082720;;374500;;;;
101203180;point;waters;UnPAIN;UNIVERSITAT WIEN;Wien;Wien;48,1857;16,4222;http://cordis.europa.eu/project/id/101203180;;21434472;;;;
101084110;point;climate;TRANSCEND;FRESH-THOUGHTS CONSULTING GMBH;Wien;Wien;48,1857;16,4222;http://cordis.europa.eu/project/id/101084110;;102500;;;;
101203185;point;waters;INTERACT;UNIVERSITAT WIEN;Wien;Wien;48,1857;16,4222;http://cordis.europa.eu/project/id/101203185;;21434472;;;;
101204339;point;waters;BrightPlaty;UNIVERSITAT WIEN;Wien;Wien;48,1857;16,4222;http://cordis.europa.eu/project/id/101204339;;21434472;;;;
101214009;point;waters;Fabulose;VTL GmbH;Wien;Wien;48,1857;16,4222;http://cordis.europa.eu/project/id/101214009;;210455;;;;
101181294;point;waters;BMD;UMWELTBUNDESAMT GESELLSCHAFT MIT BESCHRANKTER HAFTUNG (UBA GMBH);Wien;Wien;48,1857;16,4222;http://cordis.europa.eu/project/id/101181294;;210000;;;;
101084341;point;climate;NATURESCAPES;CEU GMBH;Wien;Wien;48,1857;16,4222;http://cordis.europa.eu/project/id/101084341;;666600;;;;
101084204;point;waters;Cure4Aqua;VETERINAERMEDIZINISCHE UNIVERSITAET WIEN;Wien;Wien;48,1857;16,4222;http://cordis.europa.eu/project/id/101084204;;208320;;;;
101084481;point;climate;FORWARDS;UNIVERSITAET FUER BODENKULTUR WIEN;Wien;Wien;48,1857;16,4222;http://cordis.europa.eu/project/id/101084481;;466875;;;;
101137131;point;waters;BEAMING;UNIVERSITAET FUER BODENKULTUR WIEN;Wien;Wien;48,1857;16,4222;http://cordis.europa.eu/project/id/101137131;;207000;;;;
101081903;point;waters;TETTRIs;NATURHISTORISCHES MUSEUM;Wien;Wien;48,1857;16,4222;http://cordis.europa.eu/project/id/101081903;;205185;;;;
101087883;point;cancer;SARCOMAkids;ST. ANNA KINDERKREBSFORSCHUNG GMBH;Wien;Wien;48,1857;16,4222;http://cordis.europa.eu/project/id/101087883;;1999124;;;;
101088351;point;cancer;GLUCO-SCAN;MEDIZINISCHE UNIVERSITAET WIEN;Wien;Wien;48,1857;16,4222;http://cordis.europa.eu/project/id/101088351;;2495924;;;;
101088693;point;cities;CLIMATE-Arch;OESTERREICHISCHE AKADEMIE DER WISSENSCHAFTEN;Wien;Wien;48,1857;16,4222;http://cordis.europa.eu/project/id/101088693;;19868715;;;;
101091967;point;cities;BIO4EEB;CEU GMBH;Wien;Wien;48,1857;16,4222;http://cordis.europa.eu/project/id/101091967;;385050;;;;
101137324;point;waters;SUNRISE;UNIVERSITAET FUER BODENKULTUR WIEN;Wien;Wien;48,1857;16,4222;http://cordis.europa.eu/project/id/101137324;;202000;;;;
101093806;point;climate;ICARIA;AIT AUSTRIAN INSTITUTE OF TECHNOLOGY GMBH;Wien;Wien;48,1857;16,4222;http://cordis.europa.eu/project/id/101093806;;315875;;;;
101093908;point;climate;EcoDaLLi;BUNDESMINISTERIUM FUR LAND- UND FORSTWIRTSCHAFT | KLIMA- UND UMWELTSCHUTZ | REGIONEN UND WASSERWIRTSCHAFT;Wien;Wien;48,1857;16,4222;http://cordis.europa.eu/project/id/101093908;;120000;;;;
101093968;point;climate;RESIST;ZENTRUM FUR SOZIALE INNOVATION GMBH;Wien;Wien;48,1857;16,4222;http://cordis.europa.eu/project/id/101093968;;506500;;;;
101094021;point;climate;CLIMAS;INSTITUT FUR HOHERE STUDIEN - INSTITUTE FOR ADVANCED STUDIES;Wien;Wien;48,1857;16,4222;http://cordis.europa.eu/project/id/101094021;;178975;;;;
101094218;point;climate;CYMEDSEC;AUSTRIAN STANDARDS INTERNATIONAL -STANDARDISIERUNG UND INNOVATION;Wien;Wien;48,1857;16,4222;http://cordis.europa.eu/project/id/101094218;;298475;;;;
101057437;point;waters;BioDT;UMWELTBUNDESAMT GESELLSCHAFT MIT BESCHRANKTER HAFTUNG (UBA GMBH);Wien;Wien;48,1857;16,4222;http://cordis.europa.eu/project/id/101057437;;201218;;;;
101094435;point;climate;REINFORCING;AIT AUSTRIAN INSTITUTE OF TECHNOLOGY GMBH;Wien;Wien;48,1857;16,4222;http://cordis.europa.eu/project/id/101094435;;38917875;;;;
101094587;point;soil;PHENET;UNIVERSITAET FUER BODENKULTUR WIEN;Wien;Wien;48,1857;16,4222;http://cordis.europa.eu/project/id/101094587;;518910;;;;
101094822;point;climate;STECCI;UNIVERSITAT FUR ANGEWANDTE KUNST WIEN;Wien;Wien;48,1857;16,4222;http://cordis.europa.eu/project/id/101094822;;581200;;;;
101094938;point;cancer;ASCERTAIN;GESUNDHEIT OSTERREICH GMBH;Wien;Wien;48,1857;16,4222;http://cordis.europa.eu/project/id/101094938;;30489533;;;;
101094978;point;climate;RescueME;SISTEMA GMBH;Wien;Wien;48,1857;16,4222;http://cordis.europa.eu/project/id/101094978;;101131;;;;
101095052;point;cancer;SQUEEZE;EUTEMA RESEARCH SERVICES GMBH;Wien;Wien;48,1857;16,4222;http://cordis.europa.eu/project/id/101095052;;371175;;;;
101095175;point;climate;SUSTAINWELL;OESTERREICHISCHE AKADEMIE DER WISSENSCHAFTEN;Wien;Wien;48,1857;16,4222;http://cordis.europa.eu/project/id/101095175;;131698;;;;
101095426;point;cancer;ERA4Health;BUNDESMINISTERIUM FUR BILDUNG;Wien;Wien;48,1857;16,4222;http://cordis.europa.eu/project/id/101095426;;178125;;;;
101095593;point;climate;HI-PRIX;HTA AUSTRIA -  AUSTRIAN INSTITUTE FOR HEALTH TECHNOLOGY ASSESSMENT GMBH;Wien;Wien;48,1857;16,4222;http://cordis.europa.eu/project/id/101095593;;3180875;;;;
101095654;point;climate;THCS;BUNDESMINISTERIUM FUER INNOVATION | MOBILITAET UND INFRASTRUKTUR;Wien;Wien;48,1857;16,4222;http://cordis.europa.eu/project/id/101095654;;732547688;;;;
101095910;point;climate;CRAFT;IMPACT HUB GMBH;Wien;Wien;48,1857;16,4222;http://cordis.europa.eu/project/id/101095910;;142099;;;;
101095976;point;cities;GKEC;OSTERREICHISCHE FORSCHUNGSFORDERUNGSGESELLSCHAFT MBH;Wien;Wien;48,1857;16,4222;http://cordis.europa.eu/project/id/101095976;;309500;;;;
101096056;point;cities;REGACE;UNIVERSITAET FUER BODENKULTUR WIEN;Wien;Wien;48,1857;16,4222;http://cordis.europa.eu/project/id/101096056;;611750;;;;
101096354;point;climate;ENPOWER;BLUEPRINT ENERGY SOLUTIONS GMBH;Wien;Wien;48,1857;16,4222;http://cordis.europa.eu/project/id/101096354;;483125;;;;
101096571;point;cities;ASCEND;AIT AUSTRIAN INSTITUTE OF TECHNOLOGY GMBH;Wien;Wien;48,1857;16,4222;http://cordis.europa.eu/project/id/101096571;;7169575;;;;
101135432;point;waters;AquaBioSens;INTERSPREAD GMBH;Wien;Wien;48,1857;16,4222;http://cordis.europa.eu/project/id/101135432;;199625;;;;
101096667;point;cancer;MELCAYA;SYNYO GmbH;Wien;Wien;48,1857;16,4222;http://cordis.europa.eu/project/id/101096667;;215000;;;;
101150319;point;waters;PhytoParasite;UNIVERSITAT WIEN;Wien;Wien;48,1857;16,4222;http://cordis.europa.eu/project/id/101150319;;19944096;;;;
101100494;point;climate;SEEDplus;IMPACT HUB GMBH;Wien;Wien;48,1857;16,4222;http://cordis.europa.eu/project/id/101100494;;44775;;;;
101101917;point;cities;FP4 - Rail4EARTH;OEBB-TECHNISCHE SERVICES-GMBH;Wien;Wien;48,1857;16,4222;http://cordis.europa.eu/project/id/101101917;;3257142857;;;;
101102316;point;climate;ERA-LEARN;AIT AUSTRIAN INSTITUTE OF TECHNOLOGY GMBH;Wien;Wien;48,1857;16,4222;http://cordis.europa.eu/project/id/101102316;;37328875;;;;
101103655;point;cancer;LEGATO;MEDIZINISCHE UNIVERSITAET WIEN;Wien;Wien;48,1857;16,4222;http://cordis.europa.eu/project/id/101103655;;108750;;;;
101103746;point;cancer;CCI4EU;MEDIZINISCHE UNIVERSITAET WIEN;Wien;Wien;48,1857;16,4222;http://cordis.europa.eu/project/id/101103746;;16750;;;;
101104268;point;cities;AMIGOS;AIT AUSTRIAN INSTITUTE OF TECHNOLOGY GMBH;Wien;Wien;48,1857;16,4222;http://cordis.europa.eu/project/id/101104268;;7695625;;;;
101104582;point;cancer;IntReALL 2020;ST. ANNA KINDERKREBSFORSCHUNG GMBH;Wien;Wien;48,1857;16,4222;http://cordis.europa.eu/project/id/101104582;;121250;;;;
101104587;point;cancer;ECHoS;GESUNDHEIT OSTERREICH GMBH;Wien;Wien;48,1857;16,4222;http://cordis.europa.eu/project/id/101104587;;403545;;;;
101104777;point;cancer;ONCODIR;EUROPAISCHE VEREINIGUNG DER GASTROINTESTINALEN ONKOLOGIE(EUROPEAN SOCIETY OF DIGESTIVE ONCOLOGY - ESDO);Wien;Wien;48,1857;16,4222;http://cordis.europa.eu/project/id/101104777;;82500;;;;
101104784;point;cancer;CO-CAPTAIN;MEDIZINISCHE UNIVERSITAET WIEN;Wien;Wien;48,1857;16,4222;http://cordis.europa.eu/project/id/101104784;;51891875;;;;
101104801;point;cancer;CARE1;MEDIZINISCHE UNIVERSITAET WIEN;Wien;Wien;48,1857;16,4222;http://cordis.europa.eu/project/id/101104801;;251600;;;;
101106260;point;cancer;M-Y-cro;CEMM - FORSCHUNGSZENTRUM FUER MOLEKULARE MEDIZIN GMBH;Wien;Wien;48,1857;16,4222;http://cordis.europa.eu/project/id/101106260;;2622870857;;;;
101108907;point;cancer;immunoMet;FORSCHUNGSINSTITUT FUR MOLEKULARE PATHOLOGIE GESELLSCHAFT MBH;Wien;Wien;48,1857;16,4222;http://cordis.europa.eu/project/id/101108907;;2622870857;;;;
101109405;point;cancer;EpiHIVgametesembryos;MEDIZINISCHE UNIVERSITAET WIEN;Wien;Wien;48,1857;16,4222;http://cordis.europa.eu/project/id/101109405;;19944096;;;;
101110656;point;cities;PERFORM;UNIVERSITAT WIEN;Wien;Wien;48,1857;16,4222;http://cordis.europa.eu/project/id/101110656;;18360096;;;;
101111333;point;cancer;INTERACT;MEDIZINISCHE UNIVERSITAET WIEN;Wien;Wien;48,1857;16,4222;http://cordis.europa.eu/project/id/101111333;;2258436;;;;
101112022;point;cancer;iCARE4CVD;MEDIZINISCHE UNIVERSITAET WIEN;Wien;Wien;48,1857;16,4222;http://cordis.europa.eu/project/id/101112022;;29354875;;;;
101112135;point;cancer;IDERHA;FACHHOCHSCHULE TECHNIKUM WIEN;Wien;Wien;48,1857;16,4222;http://cordis.europa.eu/project/id/101112135;;429600;;;;
101059900;point;waters;BioBeo;SYNYO GmbH;Wien;Wien;48,1857;16,4222;http://cordis.europa.eu/project/id/101059900;;194375;;;;
101064476;point;waters;MIMEPOC;UNIVERSITAT WIEN;Wien;Wien;48,1857;16,4222;http://cordis.europa.eu/project/id/101064476;;19040101;;;;
101112728;point;climate;ClimEmpower;AIT AUSTRIAN INSTITUTE OF TECHNOLOGY GMBH;Wien;Wien;48,1857;16,4222;http://cordis.europa.eu/project/id/101112728;;83228139;;;;
101056957;point;waters;PREP4BLUE;FRAUNHOFER AUSTRIA RESEARCH GMBH;Wien;Wien;48,1857;16,4222;http://cordis.europa.eu/project/id/101056957;;18827125;;;;
101112875;point;soil;CURIOSOIL;UNIVERSITAET FUER BODENKULTUR WIEN;Wien;Wien;48,1857;16,4222;http://cordis.europa.eu/project/id/101112875;;20525375;;;;
101150279;point;waters;FLOAT;UNIVERSITAT WIEN;Wien;Wien;48,1857;16,4222;http://cordis.europa.eu/project/id/101150279;;18360096;;;;
101112921;point;climate;HORIZONEIT2022HEALTH;EIT HEALTH AUSTRIA GMBH;Wien;Wien;48,1857;16,4222;http://cordis.europa.eu/project/id/101112921;;185298817;;;;
101114613;point;climate;CICONIA;EASYJET EUROPE AIRLINE GMBH;Wien;Wien;48,1857;16,4222;http://cordis.europa.eu/project/id/101114613;;0;;;;
101060218;point;waters;DOMINO;AIT AUSTRIAN INSTITUTE OF TECHNOLOGY GMBH;Wien;Wien;48,1857;16,4222;http://cordis.europa.eu/project/id/101060218;;17605425;;;;
101115832;point;cancer;REWIRE;CEMM - FORSCHUNGSZENTRUM FUER MOLEKULARE MEDIZIN GMBH;Wien;Wien;48,1857;16,4222;http://cordis.europa.eu/project/id/101115832;;1499730;;;;
101000216;point;waters;Code Re-farm;QUANTARED TECHNOLOGIES GMBH;Wien;Wien;48,1857;16,4222;http://cordis.europa.eu/project/id/101000216;;175250;;;;
101118823;point;climate;NCP4HE;OSTERREICHISCHE FORSCHUNGSFORDERUNGSGESELLSCHAFT MBH;Wien;Wien;48,1857;16,4222;http://cordis.europa.eu/project/id/101118823;;304035;;;;
101137650;point;waters;PLATINA4Action;VIA DONAU OSTERREICHISCHE WASSERSTRASSEN GESELLSCHAFT MBH;Wien;Wien;48,1857;16,4222;http://cordis.europa.eu/project/id/101137650;;1704464286;;;;
101060280;point;waters;CEE2ACT;UNIVERSITAET FUER BODENKULTUR WIEN;Wien;Wien;48,1857;16,4222;http://cordis.europa.eu/project/id/101060280;;169625;;;;
101121092;point;climate;NCP4Missions;OSTERREICHISCHE FORSCHUNGSFORDERUNGSGESELLSCHAFT MBH;Wien;Wien;48,1857;16,4222;http://cordis.europa.eu/project/id/101121092;;232135;;;;
101121134;point;climate;B-prepared;OSTERREICHISCHES ROTES KREUZ;Wien;Wien;48,1857;16,4222;http://cordis.europa.eu/project/id/101121134;;80335;;;;
101121192;point;climate;MEDEWSA;GEOSPHERE AUSTRIA - BUNDESANSTALT FUR GEOLOGIE | GEOPHYSIK | KLIMATOLOGIE UND METEOROLOGIE;Wien;Wien;48,1857;16,4222;http://cordis.europa.eu/project/id/101121192;;123750;;;;
101121200;point;climate;GATHERINGS;BUNDESMINISTERIUM FUR INNERES;Wien;Wien;48,1857;16,4222;http://cordis.europa.eu/project/id/101121200;;16918875;;;;
101121231;point;climate;RESILIAGE;VICESSE RESEARCH GMBH;Wien;Wien;48,1857;16,4222;http://cordis.europa.eu/project/id/101121231;;418750;;;;
101121249;point;climate;DIREKTION;OSTERREICHISCHES ROTES KREUZ;Wien;Wien;48,1857;16,4222;http://cordis.europa.eu/project/id/101121249;;66562;;;;
101121282;point;climate;VANGUARD;INTERNATIONAL CENTRE FOR MIGRATION POLICY DEVELOPMENT;Wien;Wien;48,1857;16,4222;http://cordis.europa.eu/project/id/101121282;;0;;;;
101121338;point;climate;AHEAD;BUNDESMINISTERIUM FUR INNERES;Wien;Wien;48,1857;16,4222;http://cordis.europa.eu/project/id/101121338;;0;;;;
101060107;point;waters;i-MASTER;WIRTSCHAFTSUNIVERSITAT WIEN;Wien;Wien;48,1857;16,4222;http://cordis.europa.eu/project/id/101060107;;1621275;;;;
101123326;point;cities;INHERIT;ZENTRUM FUR SOZIALE INNOVATION GMBH;Wien;Wien;48,1857;16,4222;http://cordis.europa.eu/project/id/101123326;;3896875;;;;
101112815;point;waters;SHORE;KINDERBURO UNIVERSITAT WIEN GMBH;Wien;Wien;48,1857;16,4222;http://cordis.europa.eu/project/id/101112815;;158500;;;;
101125797;point;cancer;UnlockIT;FORSCHUNGSINSTITUT FUR MOLEKULARE PATHOLOGIE GESELLSCHAFT MBH;Wien;Wien;48,1857;16,4222;http://cordis.europa.eu/project/id/101125797;;2000000;;;;
101130467;point;climate;EUPHRESCO III;AGES - OSTERREICHISCHE AGENTUR FUR GESUNDHEIT UND ERNAHRUNGSSICHERHEIT GMBH;Wien;Wien;48,1857;16,4222;http://cordis.europa.eu/project/id/101130467;;72000;;;;
101130890;point;soil;AGRO4AGRI;INSTITUT FUR HOHERE STUDIEN - INSTITUTE FOR ADVANCED STUDIES;Wien;Wien;48,1857;16,4222;http://cordis.europa.eu/project/id/101130890;;4995625;;;;
101130898;point;climate;GenderSAFE;CEU GMBH;Wien;Wien;48,1857;16,4222;http://cordis.europa.eu/project/id/101130898;;2583125;;;;
101130985;point;cancer;CARES;UNIVERSITAET FUER BODENKULTUR WIEN;Wien;Wien;48,1857;16,4222;http://cordis.europa.eu/project/id/101130985;;9200;;;;
101131228;point;cancer;BIOSMALL;MEDIZINISCHE UNIVERSITAET WIEN;Wien;Wien;48,1857;16,4222;http://cordis.europa.eu/project/id/101131228;;179400;;;;
101131261;point;climate;IRISCC;GEOSPHERE AUSTRIA - BUNDESANSTALT FUR GEOLOGIE | GEOPHYSIK | KLIMATOLOGIE UND METEOROLOGIE;Wien;Wien;48,1857;16,4222;http://cordis.europa.eu/project/id/101131261;;6955943;;;;
101131520;point;climate;CASRI;UMWELTBUNDESAMT GESELLSCHAFT MIT BESCHRANKTER HAFTUNG (UBA GMBH);Wien;Wien;48,1857;16,4222;http://cordis.europa.eu/project/id/101131520;;1181575;;;;
101131556;point;climate;INSPIRING ERA;OSTERREICHISCHE FORSCHUNGSFORDERUNGSGESELLSCHAFT MBH;Wien;Wien;48,1857;16,4222;http://cordis.europa.eu/project/id/101131556;;212200;;;;
101131592;point;climate;EPOS ON;GEOSPHERE AUSTRIA - BUNDESANSTALT FUR GEOLOGIE | GEOPHYSIK | KLIMATOLOGIE UND METEOROLOGIE;Wien;Wien;48,1857;16,4222;http://cordis.europa.eu/project/id/101131592;;58750;;;;
101131706;point;climate;RE4GREEN;AIT AUSTRIAN INSTITUTE OF TECHNOLOGY GMBH;Wien;Wien;48,1857;16,4222;http://cordis.europa.eu/project/id/101131706;;37740625;;;;
101131818;point;soil;MICROBES-4-CLIMATE;AIT AUSTRIAN INSTITUTE OF TECHNOLOGY GMBH;Wien;Wien;48,1857;16,4222;http://cordis.europa.eu/project/id/101131818;;64587875;;;;
101132327;point;climate;CIDAPE;UNIVERSITAT WIEN;Wien;Wien;48,1857;16,4222;http://cordis.europa.eu/project/id/101132327;;754330;;;;
101132377;point;climate;GS4S;WIENER INSTITUT FUR INTERNATIONALE WIRTSCHAFTSVERGLEICHE;Wien;Wien;48,1857;16,4222;http://cordis.europa.eu/project/id/101132377;;228500;;;;
101132389;point;climate;REEVALUATE;FFP FILM- & FERNSEHPRODUKTION GMBH;Wien;Wien;48,1857;16,4222;http://cordis.europa.eu/project/id/101132389;;26884545;;;;
101132405;point;climate;RESPOND;CEU GMBH;Wien;Wien;48,1857;16,4222;http://cordis.europa.eu/project/id/101132405;;70850125;;;;
101132426;point;climate;Express2;CEU GMBH;Wien;Wien;48,1857;16,4222;http://cordis.europa.eu/project/id/101132426;;17930085;;;;
101132467;point;climate;CO-SUSTAIN;UNIVERSITAET FUER BODENKULTUR WIEN;Wien;Wien;48,1857;16,4222;http://cordis.europa.eu/project/id/101132467;;4153125;;;;
101132540;point;cities;ReHousIn;TECHNISCHE UNIVERSITAET WIEN;Wien;Wien;48,1857;16,4222;http://cordis.europa.eu/project/id/101132540;;29668875;;;;
101132661;point;climate;RETOOL;UNIVERSITAET FUER BODENKULTUR WIEN;Wien;Wien;48,1857;16,4222;http://cordis.europa.eu/project/id/101132661;;34287875;;;;
101132692;point;climate;GEO-POWER-EU;VIENNEAST CONSULTING GMBH;Wien;Wien;48,1857;16,4222;http://cordis.europa.eu/project/id/101132692;;240000;;;;
101132698;point;climate;ENCODE;UNIVERSITAT WIEN;Wien;Wien;48,1857;16,4222;http://cordis.europa.eu/project/id/101132698;;753000;;;;
101133528;point;climate;Women TechEU;EIT MANUFACTURING EAST GMBH;Wien;Wien;48,1857;16,4222;http://cordis.europa.eu/project/id/101133528;;93750;;;;
101133914;point;soil;Soil-X-Change;UNIVERSITAET FUER BODENKULTUR WIEN;Wien;Wien;48,1857;16,4222;http://cordis.europa.eu/project/id/101133914;;245110;;;;
101134965;point;climate;PRO-WILD;UNIVERSITAET FUER BODENKULTUR WIEN;Wien;Wien;48,1857;16,4222;http://cordis.europa.eu/project/id/101134965;;50612775;;;;
101084180;point;waters;NOVAFOODIES;LEBENSMITTELVERSUCHSANSTALT;Wien;Wien;48,1857;16,4222;http://cordis.europa.eu/project/id/101084180;;154625;;;;
101134991;point;climate;MoniFun;BUNDESFORSCHUNGS UND AUSBILDUNGSZENTRUM FUR WALD NATURGEFAHREN UND LANDSCHAFT;Wien;Wien;48,1857;16,4222;http://cordis.europa.eu/project/id/101134991;;1911875;;;;
101000439;point;waters;LOWINFOOD;OSTERREICHISCHES OKOLOGIE-INSTITUT;Wien;Wien;48,1857;16,4222;http://cordis.europa.eu/project/id/101000439;;150280;;;;
101135094;point;soil;ZOE;UNIVERSITAT WIEN;Wien;Wien;48,1857;16,4222;http://cordis.europa.eu/project/id/101135094;;17996125;;;;
101135141;point;climate;CARE;UNIVERSITAET FUER BODENKULTUR WIEN;Wien;Wien;48,1857;16,4222;http://cordis.europa.eu/project/id/101135141;;3375875;;;;
101135150;point;climate;BIO-CAPITAL;OIKOPLUS GMBH;Wien;Wien;48,1857;16,4222;http://cordis.europa.eu/project/id/101135150;;285000;;;;
101135263;point;climate;TRANSFORMIT;UNIVERSITAET FUER BODENKULTUR WIEN;Wien;Wien;48,1857;16,4222;http://cordis.europa.eu/project/id/101135263;;748150;;;;
101217089;point;waters;RISTANC;CEU GMBH;Wien;Wien;48,1857;16,4222;http://cordis.europa.eu/project/id/101217089;;149950;;;;
101081833;point;waters;BIOTRANSFORM;ALCHEMIA-NOVA GMBH;Wien;Wien;48,1857;16,4222;http://cordis.europa.eu/project/id/101081833;;14878134;;;;
101135505;point;climate;CircSyst;ZENTRUM FUR SOZIALE INNOVATION GMBH;Wien;Wien;48,1857;16,4222;http://cordis.europa.eu/project/id/101135505;;47155625;;;;
101135997;point;cities;YouRban;DESIGNAUSTRIA (DA);Wien;Wien;48,1857;16,4222;http://cordis.europa.eu/project/id/101135997;;100885;;;;
101096577;point;waters;WHISPER;INSPIRALIA GMBH;Wien;Wien;48,1857;16,4222;http://cordis.europa.eu/project/id/101096577;;148500;;;;
101060213;point;waters;SOS-ZEROPOL2030;UNIVERSITAT WIEN;Wien;Wien;48,1857;16,4222;http://cordis.europa.eu/project/id/101060213;;142150;;;;
101136361;point;climate;FutureFoodS;AGES - OSTERREICHISCHE AGENTUR FUR GESUNDHEIT UND ERNAHRUNGSSICHERHEIT GMBH;Wien;Wien;48,1857;16,4222;http://cordis.europa.eu/project/id/101136361;;368375;;;;
101136365;point;cancer;INVENTS;MEDIZINISCHE UNIVERSITAET WIEN;Wien;Wien;48,1857;16,4222;http://cordis.europa.eu/project/id/101136365;;70234375;;;;
101136376;point;cancer;SmILE;MINDS & SPARKS GMBH;Wien;Wien;48,1857;16,4222;http://cordis.europa.eu/project/id/101136376;;385000;;;;
101135264;point;waters;GoNaturePositive;EUROPAISCHE FODERATION BAUWERKSBEGRUNUNGSVERBANDE - EFB;Wien;Wien;48,1857;16,4222;http://cordis.europa.eu/project/id/101135264;;133750;;;;
101136583;point;climate;SecureFood;LEBENSMITTELVERSUCHSANSTALT;Wien;Wien;48,1857;16,4222;http://cordis.europa.eu/project/id/101136583;;23375;;;;
101136652;point;climate;PLANET4HEALTH;AGES - OSTERREICHISCHE AGENTUR FUR GESUNDHEIT UND ERNAHRUNGSSICHERHEIT GMBH;Wien;Wien;48,1857;16,4222;http://cordis.europa.eu/project/id/101136652;;377500;;;;
101136734;point;cancer;xShare;IEEE TECHNOLOGY CENTRE GMBH;Wien;Wien;48,1857;16,4222;http://cordis.europa.eu/project/id/101136734;;100000;;;;
101136799;point;climate;MARCLAIMED;FRESH-THOUGHTS CONSULTING GMBH;Wien;Wien;48,1857;16,4222;http://cordis.europa.eu/project/id/101136799;;100000;;;;
101136926;point;cancer;MULTIR;MEDIZINISCHE UNIVERSITAET WIEN;Wien;Wien;48,1857;16,4222;http://cordis.europa.eu/project/id/101136926;;254750;;;;
101136953;point;cancer;DEFINITIVE;MEDIZINISCHE UNIVERSITAET WIEN;Wien;Wien;48,1857;16,4222;http://cordis.europa.eu/project/id/101136953;;139615;;;;
101137054;point;climate;KitNewCare;Europaischer Nierenpatientenverband;Wien;Wien;48,1857;16,4222;http://cordis.europa.eu/project/id/101137054;;93760;;;;
101137132;point;cancer;PREPARE-TID;VETERINAERMEDIZINISCHE UNIVERSITAET WIEN;Wien;Wien;48,1857;16,4222;http://cordis.europa.eu/project/id/101137132;;40407875;;;;
101137206;point;cancer;JOIN4ATMP;MEDIZINISCHE UNIVERSITAET WIEN;Wien;Wien;48,1857;16,4222;http://cordis.europa.eu/project/id/101137206;;2999975;;;;
101137278;point;cancer;CVDLINK;SYNYO GmbH;Wien;Wien;48,1857;16,4222;http://cordis.europa.eu/project/id/101137278;;328875;;;;
101137315;point;cancer;ENCANTO;MEDIZINISCHE UNIVERSITAET WIEN;Wien;Wien;48,1857;16,4222;http://cordis.europa.eu/project/id/101137315;;4457775;;;;
101137347;point;cancer;ASSESS-DHT;HTA AUSTRIA -  AUSTRIAN INSTITUTE FOR HEALTH TECHNOLOGY ASSESSMENT GMBH;Wien;Wien;48,1857;16,4222;http://cordis.europa.eu/project/id/101137347;;343000;;;;
101137383;point;cancer;DRAIGON;ORTOPADISCHES SPITAL SPEISING GMBH;Wien;Wien;48,1857;16,4222;http://cordis.europa.eu/project/id/101137383;;110604125;;;;
101137484;point;cancer;BEATsep;LUDWIG BOLTZMANN GESELLSCHAFT OSTERREICHISCHE VEREINIGUNG ZUR FORDERUNG DER WISSENSCHAFTLICHEN FORSCHUNG;Wien;Wien;48,1857;16,4222;http://cordis.europa.eu/project/id/101137484;;89080625;;;;
101137914;point;climate;MAPS;WIRTSCHAFTSUNIVERSITAT WIEN;Wien;Wien;48,1857;16,4222;http://cordis.europa.eu/project/id/101137914;;31970875;;;;
101139060;point;cities;BIPED;AIT AUSTRIAN INSTITUTE OF TECHNOLOGY GMBH;Wien;Wien;48,1857;16,4222;http://cordis.europa.eu/project/id/101139060;;807625;;;;
101146800;point;climate;CAMBER;AIT AUSTRIAN INSTITUTE OF TECHNOLOGY GMBH;Wien;Wien;48,1857;16,4222;http://cordis.europa.eu/project/id/101146800;;756833;;;;
101147225;point;cities;INBLANC;SIEMENS AKTIENGESELLSCHAFT OESTERREICH;Wien;Wien;48,1857;16,4222;http://cordis.europa.eu/project/id/101147225;;35115805;;;;
101147310;point;climate;ReHydro;ANDRITZ HYDRO GMBH;Wien;Wien;48,1857;16,4222;http://cordis.europa.eu/project/id/101147310;;4094525;;;;
101147576;point;cities;FlexGeo;TECHNISCHE UNIVERSITAET WIEN;Wien;Wien;48,1857;16,4222;http://cordis.europa.eu/project/id/101147576;;51475375;;;;
101148808;point;climate;POLARCLIMATE;CEU GMBH;Wien;Wien;48,1857;16,4222;http://cordis.europa.eu/project/id/101148808;;18360096;;;;
101148911;point;climate;QUAKERTY;UNIVERSITAT WIEN;Wien;Wien;48,1857;16,4222;http://cordis.europa.eu/project/id/101148911;;18360096;;;;
101149215;point;cancer;EngineeringSARCOMAs;ST. ANNA KINDERKREBSFORSCHUNG GMBH;Wien;Wien;48,1857;16,4222;http://cordis.europa.eu/project/id/101149215;;18360096;;;;
101151369;point;cancer;PROSPER;MEDIZINISCHE UNIVERSITAET WIEN;Wien;Wien;48,1857;16,4222;http://cordis.europa.eu/project/id/101151369;;18360096;;;;
101151854;point;cancer;SERENA;MEDIZINISCHE UNIVERSITAET WIEN;Wien;Wien;48,1857;16,4222;http://cordis.europa.eu/project/id/101151854;;179369;;;;
101153057;point;climate;CLASSIC;WIRTSCHAFTSUNIVERSITAT WIEN;Wien;Wien;48,1857;16,4222;http://cordis.europa.eu/project/id/101153057;;19944096;;;;
101153103;point;cancer;Rewiring PRC2;CEMM - FORSCHUNGSZENTRUM FUER MOLEKULARE MEDIZIN GMBH;Wien;Wien;48,1857;16,4222;http://cordis.europa.eu/project/id/101153103;;2849156571;;;;
101153366;point;soil;ExuRoots;UNIVERSITAT WIEN;Wien;Wien;48,1857;16,4222;http://cordis.europa.eu/project/id/101153366;;18360096;;;;
101153729;point;cancer;De-CAF;VETERINAERMEDIZINISCHE UNIVERSITAET WIEN;Wien;Wien;48,1857;16,4222;http://cordis.europa.eu/project/id/101153729;;18360096;;;;
101155807;point;cancer;MDR-RA;EUTEMA RESEARCH SERVICES GMBH;Wien;Wien;48,1857;16,4222;http://cordis.europa.eu/project/id/101155807;;5273214286;;;;
101155873;point;climate;SP-EU;GESUNDHEIT OSTERREICH GMBH;Wien;Wien;48,1857;16,4222;http://cordis.europa.eu/project/id/101155873;;173904;;;;
101156304;point;cancer;PROACT EU-Response;MEDIZINISCHE UNIVERSITAET WIEN;Wien;Wien;48,1857;16,4222;http://cordis.europa.eu/project/id/101156304;;49190;;;;
101156533;point;climate;SUNDANSE;PRO DANUBE MANAGEMENT GMBH;Wien;Wien;48,1857;16,4222;http://cordis.europa.eu/project/id/101156533;;3949243;;;;
101156998;point;soil;ReLeaf;ALCHEMIA-NOVA RESEARCH & INNOVATION GEMEINNUTZIGE GMBH;Wien;Wien;48,1857;16,4222;http://cordis.europa.eu/project/id/101156998;;35456625;;;;
101157269;point;climate;ENVESOME;AIT AUSTRIAN INSTITUTE OF TECHNOLOGY GMBH;Wien;Wien;48,1857;16,4222;http://cordis.europa.eu/project/id/101157269;;63852733;;;;
101157360;point;climate;iNNO SED;BUNDESMINISTERIUM FUER INNOVATION | MOBILITAET UND INFRASTRUKTUR;Wien;Wien;48,1857;16,4222;http://cordis.europa.eu/project/id/101157360;;0;;;;
101157865;point;soil;GOV4ALL;VEREIN ZUR FORDERUNG DER BEGRUNUNG VON WUSTENLANDSCHAFTEN - AFFOREST4FUTURE;Wien;Wien;48,1857;16,4222;http://cordis.europa.eu/project/id/101157865;;0;;;;
101158832;point;cancer;RadExIORSBoost;MEDIZINISCHE UNIVERSITAET WIEN;Wien;Wien;48,1857;16,4222;http://cordis.europa.eu/project/id/101158832;;20035064;;;;
101159520;point;cities;EIT CC - BP2024-2025;EIT CULTURE & CREATIVITY SOUTH EAST& ALPS GMBH;Wien;Wien;48,1857;16,4222;http://cordis.europa.eu/project/id/101159520;;5010625;;;;
101160082;point;climate;HARP;UNIVERSITAT WIEN;Wien;Wien;48,1857;16,4222;http://cordis.europa.eu/project/id/101160082;;33921063;;;;
101160532;point;cities;NEBA Alliance;HOLZBAU AUSTRIA;Wien;Wien;48,1857;16,4222;http://cordis.europa.eu/project/id/101160532;;26200;;;;
101160656;point;climate;UrbanSlide;UNIVERSITAT WIEN;Wien;Wien;48,1857;16,4222;http://cordis.europa.eu/project/id/101160656;;1499153;;;;
101160678;point;cities;INTELLIGENT;AIT AUSTRIAN INSTITUTE OF TECHNOLOGY GMBH;Wien;Wien;48,1857;16,4222;http://cordis.europa.eu/project/id/101160678;;383610;;;;
101164555;point;cancer;TOCCATA;MEDIZINISCHE UNIVERSITAET WIEN;Wien;Wien;48,1857;16,4222;http://cordis.europa.eu/project/id/101164555;;1494125;;;;
101000580;point;waters;CATCO2NVERS;ALCHEMIA-NOVA GMBH;Wien;Wien;48,1857;16,4222;http://cordis.europa.eu/project/id/101000580;;10575743;;;;
101167589;point;climate;BORDERLINK;VICESSE RESEARCH GMBH;Wien;Wien;48,1857;16,4222;http://cordis.europa.eu/project/id/101167589;;673500;;;;
101167787;point;climate;POWERBASE;OSTERREICHISCHES ROTES KREUZ;Wien;Wien;48,1857;16,4222;http://cordis.europa.eu/project/id/101167787;;6659375;;;;
101168315;point;climate;Sonar-Cities;MEDIZINISCHE UNIVERSITAET WIEN;Wien;Wien;48,1857;16,4222;http://cordis.europa.eu/project/id/101168315;;37934375;;;;
101168316;point;climate;BorderForce;AIT AUSTRIAN INSTITUTE OF TECHNOLOGY GMBH;Wien;Wien;48,1857;16,4222;http://cordis.europa.eu/project/id/101168316;;93714464;;;;
101168317;point;climate;PopEye;AIT AUSTRIAN INSTITUTE OF TECHNOLOGY GMBH;Wien;Wien;48,1857;16,4222;http://cordis.europa.eu/project/id/101168317;;4507375;;;;
101168499;point;cities;SPARROW;JOHANNITER OSTERREICH AUSBILDUNG UND FORSCHUNG GEMEINNUTZIGE GMBH;Wien;Wien;48,1857;16,4222;http://cordis.europa.eu/project/id/101168499;;272750;;;;
101168853;point;cities;TRANSFORM;TECHNISCHE UNIVERSITAET WIEN;Wien;Wien;48,1857;16,4222;http://cordis.europa.eu/project/id/101168853;;0;;;;
101169068;point;cancer;MiCCrobioTAckle;BIOFACTION KG;Wien;Wien;48,1857;16,4222;http://cordis.europa.eu/project/id/101169068;;0;;;;
101169149;point;climate;LANDLABS;STADT WIEN;Wien;Wien;48,1857;16,4222;http://cordis.europa.eu/project/id/101169149;;0;;;;
101169223;point;cancer;Adaptmet;BOEHRINGER INGELHEIM RCV GMBH & CO KG;Wien;Wien;48,1857;16,4222;http://cordis.europa.eu/project/id/101169223;;3861874286;;;;
101181393;point;waters;HARWASTING;BRIMATECH RESEARCH GGMBH;Wien;Wien;48,1857;16,4222;http://cordis.europa.eu/project/id/101181393;;429850;;;;
101123150;point;cities;SNUG;AUSTRIAN STANDARDS INTERNATIONAL -STANDARDISIERUNG UND INNOVATION;Wien;Wien;48,1857;16,4222;http://cordis.europa.eu/project/id/101123150;;21728625;;;;
101172788;point;cancer;Thera4Care;EUROPEAN ASSOCIATION OF NUCLEAR MEDICINE;Wien;Wien;48,1857;16,4222;http://cordis.europa.eu/project/id/101172788;;210000;;;;
101213072;point;waters;BLUECOAT;KONLECHNER DAVID;Wien;Wien;48,1857;16,4222;http://cordis.europa.eu/project/id/101213072;;97500;;;;
101172952;point;cities;AI-EFFECT;ENLITEAI GMBH;Wien;Wien;48,1857;16,4222;http://cordis.europa.eu/project/id/101172952;;235125;;;;
101177484;point;climate;NEXT-UP;EUROPAISCHES ZENTRUM FUR WOHLFAHRTSPOLITIK UND SOZIALFORSCHUNG;Wien;Wien;48,1857;16,4222;http://cordis.europa.eu/project/id/101177484;;176145;;;;
101177660;point;cities;make-a-thek;ZENTRUM FUR SOZIALE INNOVATION GMBH;Wien;Wien;48,1857;16,4222;http://cordis.europa.eu/project/id/101177660;;596875;;;;
101177811;point;climate;StreamSCAPES;UNIVERSITAT WIEN;Wien;Wien;48,1857;16,4222;http://cordis.europa.eu/project/id/101177811;;46464029;;;;
101177911;point;cancer;NANOBEAT;AIT AUSTRIAN INSTITUTE OF TECHNOLOGY GMBH;Wien;Wien;48,1857;16,4222;http://cordis.europa.eu/project/id/101177911;;5593929;;;;
101178146;point;cities;EGRUiEN;EUROPAISCHES ZENTRUM FUR WOHLFAHRTSPOLITIK UND SOZIALFORSCHUNG;Wien;Wien;48,1857;16,4222;http://cordis.europa.eu/project/id/101178146;;499125;;;;
101060497;point;waters;EcoAdvance;UNIVERSITAET FUER BODENKULTUR WIEN;Wien;Wien;48,1857;16,4222;http://cordis.europa.eu/project/id/101060497;;934375;;;;
101178637;point;climate;SCALEDEM;ECOD GEMEINNUTZIGE GMBH;Wien;Wien;48,1857;16,4222;http://cordis.europa.eu/project/id/101178637;;40880876;;;;
101178743;point;cities;GreenDEMO;AIT AUSTRIAN INSTITUTE OF TECHNOLOGY GMBH;Wien;Wien;48,1857;16,4222;http://cordis.europa.eu/project/id/101178743;;41265375;;;;
101179032;point;climate;BENEFITS;WEBLYZARD TECHNOLOGY GMBH;Wien;Wien;48,1857;16,4222;http://cordis.europa.eu/project/id/101179032;;408125;;;;
101179323;point;climate;STAR;BEIA GMBH;Wien;Wien;48,1857;16,4222;http://cordis.europa.eu/project/id/101179323;;1117142857;;;;
101137233;point;cancer;HoloSurge;UNITED EUROPEAN GASTROENTEROLOGY GMBH;Wien;Wien;48,1857;16,4222;http://cordis.europa.eu/project/id/101137233;;11390625;;;;
101060874;point;waters;Water4All;BUNDESMINISTERIUM FUR BILDUNG;Wien;Wien;48,1857;16,4222;http://cordis.europa.eu/project/id/101060874;;7288625;;;;
101170771;point;cancer;geNEOMORPH;AITHYRA GMBH RESEARCH INSTITUTE FOR BIOMEDICAL ARTIFICIAL INTELLIGENCE OF THE AUSTRIAN ACADEMY OF SCIENCES;Wien;Wien;48,1857;16,4222;http://cordis.europa.eu/project/id/101170771;;1999724;;;;
101181273;point;climate;NEXRUR;BAB Project Einrichtung mit eigener Rechtspersönlichkeit an der Bundesanstalt für Agrarwirtschaft und Bergbauernfragen;Wien;Wien;48,1857;16,4222;http://cordis.europa.eu/project/id/101181273;;1284375;;;;
101181941;point;climate;VERNE;ALCHEMIA-NOVA RESEARCH & INNOVATION GEMEINNUTZIGE GMBH;Wien;Wien;48,1857;16,4222;http://cordis.europa.eu/project/id/101181941;;550000;;;;
101182299;point;climate;SPOON;AIT AUSTRIAN INSTITUTE OF TECHNOLOGY GMBH;Wien;Wien;48,1857;16,4222;http://cordis.europa.eu/project/id/101182299;;39798625;;;;
101183099;point;climate;FINANCE4GREEN;CEU GMBH;Wien;Wien;48,1857;16,4222;http://cordis.europa.eu/project/id/101183099;;78200;;;;
101183127;point;soil;OH-FINE;FORSCHUNGSINSTITUT FUR BIOLOGISCHEN  LANDBAU OSTERREICH;Wien;Wien;48,1857;16,4222;http://cordis.europa.eu/project/id/101183127;;31233766;;;;
101184736;point;climate;CryoSCOPE;OESTERREICHISCHE AKADEMIE DER WISSENSCHAFTEN;Wien;Wien;48,1857;16,4222;http://cordis.europa.eu/project/id/101184736;;516350;;;;
101186774;point;cancer;IMProGlyco;UNIVERSITAET FUER BODENKULTUR WIEN;Wien;Wien;48,1857;16,4222;http://cordis.europa.eu/project/id/101186774;;441975;;;;
101186829;point;cancer;CancerScan;MINDS & SPARKS GMBH;Wien;Wien;48,1857;16,4222;http://cordis.europa.eu/project/id/101186829;;258750;;;;
101186952;point;cancer;ESOHISTO;MEDIZINISCHE UNIVERSITAET WIEN;Wien;Wien;48,1857;16,4222;http://cordis.europa.eu/project/id/101186952;;1009970;;;;
101188256;point;climate;FAIR2Adapt;FRESH-THOUGHTS CONSULTING GMBH;Wien;Wien;48,1857;16,4222;http://cordis.europa.eu/project/id/101188256;;355000;;;;
101188315;point;cities;LUKE;FONDS ZUR FÖRDERUNG DER WISSENSCHAFTLICHEN FORSCHUNG;Wien;Wien;48,1857;16,4222;http://cordis.europa.eu/project/id/101188315;;4885125;;;;
101189441;point;cancer;ONCO-SPLICE;CEMM - FORSCHUNGSZENTRUM FUER MOLEKULARE MEDIZIN GMBH;Wien;Wien;48,1857;16,4222;http://cordis.europa.eu/project/id/101189441;;2142857143;;;;
101190051;point;climate;THEIA;AIT AUSTRIAN INSTITUTE OF TECHNOLOGY GMBH;Wien;Wien;48,1857;16,4222;http://cordis.europa.eu/project/id/101190051;;36182863;;;;
101191936;point;climate;SUSTAIN-6G;SIEMENS AKTIENGESELLSCHAFT OESTERREICH;Wien;Wien;48,1857;16,4222;http://cordis.europa.eu/project/id/101191936;;40333375;;;;
101192301;point;climate;A4Climate;FLIGHTKEYS GMBH;Wien;Wien;48,1857;16,4222;http://cordis.europa.eu/project/id/101192301;;202000;;;;
101181784;point;cities;Sleeping Beauty;AIT AUSTRIAN INSTITUTE OF TECHNOLOGY GMBH;Wien;Wien;48,1857;16,4222;http://cordis.europa.eu/project/id/101181784;;6484125;;;;
101195079;point;climate;BE READY PLUS;AGES - OSTERREICHISCHE AGENTUR FUR GESUNDHEIT UND ERNAHRUNGSSICHERHEIT GMBH;Wien;Wien;48,1857;16,4222;http://cordis.europa.eu/project/id/101195079;;130000;;;;
101197992;point;climate;TRUST;KURATORIUM FUER VERKEHRSSICHERHEIT;Wien;Wien;48,1857;16,4222;http://cordis.europa.eu/project/id/101197992;;767100;;;;
101201217;point;cancer;SuperCut;UNIVERSITAT WIEN;Wien;Wien;48,1857;16,4222;http://cordis.europa.eu/project/id/101201217;;21434472;;;;
101202238;point;soil;GROWMETA;UNIVERSITAT WIEN;Wien;Wien;48,1857;16,4222;http://cordis.europa.eu/project/id/101202238;;23018472;;;;
101203053;point;climate;CCAMbassador;AUSTRIATECH - GESELLSCHAFT DES BUNDES FUR TECHNOLOGIEPOLITISCHE MASSNAHMEN GMBH;Wien;Wien;48,1857;16,4222;http://cordis.europa.eu/project/id/101203053;;23818953;;;;
101052342;point;waters;Biodiversa-plus;BUNDESMINISTERIUM FUR BILDUNG;Wien;Wien;48,1857;16,4222;http://cordis.europa.eu/project/id/101052342;;29875;;;;
101006220;point;waters;FRANCIS;HELIOZ GMBH;Wien;Wien;48,1857;16,4222;http://cordis.europa.eu/project/id/101006220;;2220729;;;;
101235455;point;waters;BUILDERS;KINDERBURO UNIVERSITAT WIEN GMBH;Wien;Wien;48,1857;16,4222;http://cordis.europa.eu/project/id/101235455;;15030;;;;
101205010;point;climate;ISO-SOITIN;UNIVERSITAET FUER BODENKULTUR WIEN;Wien;Wien;48,1857;16,4222;http://cordis.europa.eu/project/id/101205010;;0;;;;
101209061;point;cancer;hEag1DrugDis;UNIVERSITAT WIEN;Wien;Wien;48,1857;16,4222;http://cordis.europa.eu/project/id/101209061;;23018472;;;;
101209375;point;climate;MiLoDa;UNIVERSITAT WIEN;Wien;Wien;48,1857;16,4222;http://cordis.europa.eu/project/id/101209375;;23018472;;;;
101212495;point;cancer;GLIO-NET;INSTITUT FUER MOLEKULARE BIOTECHNOLOGIE GMBH;Wien;Wien;48,1857;16,4222;http://cordis.europa.eu/project/id/101212495;;3288353143;;;;
101212747;point;cities;CIRCBUILT;AIT AUSTRIAN INSTITUTE OF TECHNOLOGY GMBH;Wien;Wien;48,1857;16,4222;http://cordis.europa.eu/project/id/101212747;;15165375;;;;
101212890;point;climate;EUDHIT;EUTEMA GMBH;Wien;Wien;48,1857;16,4222;http://cordis.europa.eu/project/id/101212890;;260000;;;;
101212909;point;cancer;Peptide Tracers;UNIVERSITAT WIEN;Wien;Wien;48,1857;16,4222;http://cordis.europa.eu/project/id/101212909;;150000;;;;
101213634;point;climate;REGILIENCE-plus;FRESH-THOUGHTS CONSULTING GMBH;Wien;Wien;48,1857;16,4222;http://cordis.europa.eu/project/id/101213634;;229875;;;;
101213742;point;climate;RootLinks;UNIVERSITAET FUER BODENKULTUR WIEN;Wien;Wien;48,1857;16,4222;http://cordis.europa.eu/project/id/101213742;;251325;;;;
101214051;point;climate;REHUBS;ALCHEMIA-NOVA RESEARCH & INNOVATION GEMEINNUTZIGE GMBH;Wien;Wien;48,1857;16,4222;http://cordis.europa.eu/project/id/101214051;;386000;;;;
101214441;point;climate;RISE-IN;UBIMET GMBH;Wien;Wien;48,1857;16,4222;http://cordis.europa.eu/project/id/101214441;;457250;;;;
101215492;point;cities;SPICE;IMPACT HUB GMBH;Wien;Wien;48,1857;16,4222;http://cordis.europa.eu/project/id/101215492;;256250;;;;
101215803;point;cities;UTOPIZE;ZENTRUM FUR SOZIALE INNOVATION GMBH;Wien;Wien;48,1857;16,4222;http://cordis.europa.eu/project/id/101215803;;2904375;;;;
101216478;point;climate;SI-Mission-Facility;IMPACT HUB GMBH;Wien;Wien;48,1857;16,4222;http://cordis.europa.eu/project/id/101216478;;227750;;;;
101217086;point;cities;CATALYSE;AIT AUSTRIAN INSTITUTE OF TECHNOLOGY GMBH;Wien;Wien;48,1857;16,4222;http://cordis.europa.eu/project/id/101217086;;37084375;;;;
101227159;point;cancer;LifeLUNG;MEDIZINISCHE UNIVERSITAET WIEN;Wien;Wien;48,1857;16,4222;http://cordis.europa.eu/project/id/101227159;;30254292;;;;
101217173;point;cancer;IMMUFELLOW;MEDIZINISCHE UNIVERSITAET WIEN;Wien;Wien;48,1857;16,4222;http://cordis.europa.eu/project/id/101217173;;0;;;;
101217219;point;climate;GreenEsteem;KLIMABUNDNIS OSTERREICH GEMEINNUTZIGE FORDERUNGS- UND BERATUNGS GMBH;Wien;Wien;48,1857;16,4222;http://cordis.europa.eu/project/id/101217219;;125000;;;;
101217281;point;climate;CITADELS;EIT MANUFACTURING EAST GMBH;Wien;Wien;48,1857;16,4222;http://cordis.europa.eu/project/id/101217281;;2971625;;;;
101218951;point;soil;MultiSoil;AIT AUSTRIAN INSTITUTE OF TECHNOLOGY GMBH;Wien;Wien;48,1857;16,4222;http://cordis.europa.eu/project/id/101218951;;48439825;;;;
101219060;point;soil;ForPeat;UNIVERSITAET FUER BODENKULTUR WIEN;Wien;Wien;48,1857;16,4222;http://cordis.europa.eu/project/id/101219060;;4840825;;;;
101060813;point;waters;REPRODIVAC;VETERINAERMEDIZINISCHE UNIVERSITAET WIEN;Wien;Wien;48,1857;16,4222;http://cordis.europa.eu/project/id/101060813;;0;;;;
101225823;point;climate;ECLIPSE;INTERNATIONAL CENTRE FOR MIGRATION POLICY DEVELOPMENT;Wien;Wien;48,1857;16,4222;http://cordis.europa.eu/project/id/101225823;;241750;;;;
101225852;point;climate;ARTEMis;GEOSPHERE AUSTRIA - BUNDESANSTALT FUR GEOLOGIE | GEOPHYSIK | KLIMATOLOGIE UND METEOROLOGIE;Wien;Wien;48,1857;16,4222;http://cordis.europa.eu/project/id/101225852;;97400;;;;
101225997;point;climate;REACTION;AIT AUSTRIAN INSTITUTE OF TECHNOLOGY GMBH;Wien;Wien;48,1857;16,4222;http://cordis.europa.eu/project/id/101225997;;8493235;;;;
101090291;point;waters;IMPACTAS;DWS HYDRO OKOLOGIE GMBH;Wien;Wien;48,1857;16,4222;http://cordis.europa.eu/project/id/101090291;;0;;;;
101226412;point;cancer;CanGoNano;ENGENES BIOTECH GMBH;Wien;Wien;48,1857;16,4222;http://cordis.europa.eu/project/id/101226412;;4322041714;;;;
101226720;point;cancer;RAPTORplus;MEDIZINISCHE UNIVERSITAET WIEN;Wien;Wien;48,1857;16,4222;http://cordis.europa.eu/project/id/101226720;;0;;;;
101226733;point;cancer;EURECA;Lexogen GmbH;Wien;Wien;48,1857;16,4222;http://cordis.europa.eu/project/id/101226733;;0;;;;
101226734;point;cities;MITIME;INTERNATIONAL CENTRE FOR MIGRATION POLICY DEVELOPMENT;Wien;Wien;48,1857;16,4222;http://cordis.europa.eu/project/id/101226734;;0;;;;
101227105;point;cancer;HER-CARE;MEDIZINISCHE UNIVERSITAET WIEN;Wien;Wien;48,1857;16,4222;http://cordis.europa.eu/project/id/101227105;;60508584;;;;
101233096;point;climate;ECHOLOT;KMA KNOWLEDGE MANAGEMENT ASSOCIATES GMBH;Wien;Wien;48,1857;16,4222;http://cordis.europa.eu/project/id/101233096;;4675286857;;;;
101233051;point;climate;INFINITY;AIT AUSTRIAN INSTITUTE OF TECHNOLOGY GMBH;Wien;Wien;48,1857;16,4222;http://cordis.europa.eu/project/id/101233051;;0;;;;
101236599;point;climate;OneTick;Pfizer Corporation Austria;Wien;Wien;48,1857;16,4222;http://cordis.europa.eu/project/id/101236599;;0;;;;
101234470;point;cities;NEB4All;BUNDESMINISTERIUM FUER INNOVATION | MOBILITAET UND INFRASTRUKTUR;Wien;Wien;48,1857;16,4222;http://cordis.europa.eu/project/id/101234470;;65875;;;;
101217314;point;waters;BREATH;UNIVERSITAT WIEN;Wien;Wien;48,1857;16,4222;http://cordis.europa.eu/project/id/101217314;;0;;;;
101225682;point;waters;METAMIC 3;UNIVERSITAT WIEN;Wien;Wien;48,1857;16,4222;http://cordis.europa.eu/project/id/101225682;;0;;;;
101236366;point;climate;mERCury;OSTERREICHISCHE FORSCHUNGSFORDERUNGSGESELLSCHAFT MBH;Wien;Wien;48,1857;16,4222;http://cordis.europa.eu/project/id/101236366;;5708375;;;;
101189279;point;climate;RHPK7;ECOP TECHNOLOGIES GMBH;Wiener Neudorf;Niederösterreich;48,0834;16,3144;http://cordis.europa.eu/project/id/101189279;;3571427143;;;;
101138694;point;waters;BlueBARGE;CELLCUBE ENERGY STORAGE GMBH;Wiener Neudorf;Niederösterreich;48,0834;16,3144;http://cordis.europa.eu/project/id/101138694;;17859125;;;;
101137426;point;cancer;AIRCARE;ACMIT GMBH;Wiener Neustadt;Niederösterreich;47,8132;16,2441;http://cordis.europa.eu/project/id/101137426;;12548125;;;;
101213930;point;cancer;3DPATH;ACMIT GMBH;Wiener Neustadt;Niederösterreich;47,8132;16,2441;http://cordis.europa.eu/project/id/101213930;;1101475;;;;
101112739;point;cancer;ROBIOPSY;ACMIT GMBH;Wiener Neustadt;Niederösterreich;47,8132;16,2441;http://cordis.europa.eu/project/id/101112739;;788625;;;;
190162248;point;waters;LARA;BLUE PLANET ECOSYSTEMS GMBH;Wiener Neustadt;Niederösterreich;47,8132;16,2441;http://cordis.europa.eu/project/id/190162248;;6500000;;;;
101008548;point;cancer;HITRIplus;EBG MEDAUSTRON GMBH;Wiener Neustadt;Niederösterreich;47,8132;16,2441;http://cordis.europa.eu/project/id/101008548;;375807;;;;
101132349;point;climate;AGROECOLOGY;AGES - OSTERREICHISCHE AGENTUR FUR GESUNDHEIT UND ERNAHRUNGSSICHERHEIT GMBH;Wieselburg;Niederösterreich;48,1299;15,1377;http://cordis.europa.eu/project/id/101132349;;12453125;;;;
4476940;point;climate;CYANce;"""klasse!forschung""- Bildung trifft Forschung & Innovation";Wilten;Tirol;47,259;11,3953;https://projekte.ffg.at/projekt/4476940;;;;;;
101136749;point;waters;FEASTS;ACIB GMBH;Ziersdorf;Niederösterreich;48,5279;15,9276;http://cordis.europa.eu/project/id/101136749;;26139375;;;;
101104368;pin;waters;aMooRe;Amt der Vorarlberger Landesregierung;Bregenz;Vorarlberg;47,5026;9,7473;https://life-amoore.at;Moorrenaturierung | Bund-Länder-Konsortium| Moorschutz;0;assets/thumbnails/aMooRe_Thumbnail.jpg;youtube;Hv1VmJzZFyc;99
101213836;pin;waters;DANUBElifelines;Betriebsgesellschaft Marchfeldkanal;Deutsch-Wagram;Niederösterreich;48,296;16,5568;http://cordis.europa.eu/project/id/101213836;Habitatkonnektivität| wandernde Fischarten| Naturebasierte Lösungen| Fischwanderung;0;assets/thumbnails/DanubeLifelines_Thumbnail.webp;;;1
101215206;pin;cancer;UNCAN-Connect;BIOBANKS AND BIOMOLECULAR RESOURCES RESEARCH INFRASTRUCTURE CONSORTIUM (BBMRI-ERIC);Graz;Steiermark;47,0709;15,4383;http://cordis.europa.eu/project/id/101215206;Dezentrale Datenföderation| Datenaustausch| Krebsdaten|;2800000;assets/thumbnails/UNCAN_Thumbnail.png;;;1
101147781;pin;cities;DeCO2;INTERESSENSGEMEINSCHAFT TERRASSENHAUS ST. PETER;Graz;Steiermark;47,0709;15,4383;http://cordis.europa.eu/project/id/101147781;Kreislauffähige Bau- & Sanierungsmaterialien| Design-to-Market-Gap| Wertschöpfungsketten| Nutzer:innen-Gesundheit;294000;assets/thumbnails/DECO2_Thumbnail.png;;;1
4121983;pin;cities;KING;Landeshauptstadt Graz;Graz;Steiermark;47,0709;15,4383;https://projekte.ffg.at/projekt/4121983;Klimaneutrale Staft| Klimaschutzplan| Modellquartier|;;assets/thumbnails/KING_Thumbnail.jpg;youtube;Tw96q4yA7uc;99
101112707;pin;soil;LOESS;UNIVERSITAET INNSBRUCK;Innsbruck;Tirol;47,2654;11,3928;http://cordis.europa.eu/project/id/101112707;Bodenbildung| Communities of Practice| VR/AR-Lernanwendungen| Awareness-Kampagnen;295250;assets/thumbnails/LOESS_Thumbnail.jpg;youtube;J-LBpkZCMfk;99
101112876;pin;climate;MountResilience;AMT DER TIROLER LANDESREGIERUNG;Innsbruck;Tirol;47,2654;11,3928;http://cordis.europa.eu/project/id/101112876;Klimawandelanpassung| Naturbasierte & soziale Innovationen| Bergökosystem| Regionalstrategie;186250;assets/thumbnails/MountResilience_Thumbnail.jpg;youtube;J-LBpkZCMfk;99
4953560;pin;cities;Smart Dag;Landeshauptstadt Klagenfurt am Wörthersee;Klagenfurt am Wörthersee;Kärnten;46,6239;14,3076;https://projekte.ffg.at/projekt/4953560;Sanierung| Mieter:inneneinbindung| Klimaneutrale Stadt| Lebenszyklusanalyse;;assets/thumbnails/SmartDag_Thumbnail.jpg;;;2
12345678;pin;cancer;Tumorzentrum Oberösterreich;Ordensklinikum Linz;Linz;Oberösterreich;48,3059;14,2862;https://tumorzentrum.at;Krebsbehandlung| Tumor Board| Krebsdaten;;assets/thumbnails/Tumorzentrum_Thumbnail.jpg;youtube;MkN1Uqw5jSg;99
101093985;pin;waters;DANUBE4all;Amt der Niederösterreichischen Landesregierung | Abteilung Internationale und Europäische Angelegenheiten | Generalsekretariat der ARGE Donauländer;Orth an der Donau;Niederösterreich;48,1487;16,7017;http://cordis.europa.eu/project/id/101093985;Nature Based Solutions| Demo-Site| Renaturierung| Donauraum;0;assets/thumbnails/Danube4All_Thumbnail.png;;;2
101112737;pin;climate;ARCADIA;AMT DER NIEDEROSTERREICHISCHEN LANDESREGIERUNG;St. Pölten;Niederösterreich;48,2044;15,6229;http://cordis.europa.eu/project/id/101112737;Naturbasierte Lösungen| Verhaltensökonomie| Innovationlabs| Regionalstrategie;428750;assets/thumbnails/Arcadia_Thumbnail.png;;;1
190167638;pin;soil;Agrobiogel;AGROBIOGEL GMBH;Tulln an der Donau;Niederösterreich;48,3312;16,0518;http://cordis.europa.eu/project/id/190167638;Lignin-basiertes Hydrogel| Wasser- & Düngemitteleinsparung| Dürreresilienz| Kreislaufwirtschaft;3407000;assets/thumbnails/Agrobiogel_Thumbnail.webp;;;1
101091010;pin;soil;BENCHMARKS;AGES - OSTERREICHISCHE AGENTUR FUR GESUNDHEIT UND ERNAHRUNGSSICHERHEIT GMBH;Wien;Wien;48,1857;16,4222;http://cordis.europa.eu/project/id/101091010;Integriertes Bodengesundheits-Monitoring| Living Labs| Bodengesundheit;84640375;assets/thumbnails/BENCHMARKS_Thumbnail.jpg;;;2
101157448;pin;climate;NATURE-DEMO;ALCHEMIA-NOVA RESEARCH & INNOVATION GEMEINNUTZIGE GMBH;Wien;Wien;48,1857;16,4222;http://cordis.europa.eu/project/id/101157448;Naturbasierte Lösungen| Demo-Sites| Infrastrukturwandel;5586875;assets/thumbnails/nature-demo_Thumbnail.png;;;2
234567890;pin;cancer;ListenIN;FH Campus Wien;Wien;Wien;48,1857;16,4222;https://ois.lbg.ac.at/projects/listenin/;Gesundheitskompetenz| Cancer Mission Lab| verbesserte Versorgung;;assets/thumbnails/ListenIN_Thumbnail.png;;;2
